pitcher,player_name,game_year,fg_type,usage_next,stf_next,abandoned,arm_angle,stuff,stuff_next,d_stuff,d_loc,d_pit
493603,"Ottavino, Adam",2020,FF,0.21458160729080364,111.76806722689076,False,23.542911954814027,108.70477876106196,110.12113835376545,1.4163595927034862,-6.01192670313938,-5.409384353899682
518858,"Jones, Nate",2020,FF,0.24147727272727273,86.12962962962963,False,39.3006545747266,107.04961111111112,97.21326860841424,-9.83634250269688,-7.327870550161791,-11.513415857605182
455119,"Martin, Chris",2020,SI,0.13986013986013987,108.48021505376344,False,40.531795955708816,103.06327402135231,104.66373860182368,1.6004645804713675,-8.19850425640081,-6.430166145658703
554340,"García, Yimi",2020,SI,0.08710503842869342,111.74440677966103,False,22.739324585227475,108.32497925311202,106.53673635353104,-1.788242899580979,10.617786009372281,12.252914325036357
621368,"Hearn, Taylor",2020,SI,0.20973348783314022,82.0909090909091,False,40.080040166888324,114.19227272727272,100.30698637383604,-13.885286353436683,1.7286534836027698,-8.835263407330999
650668,"Mejía, Humberto",2020,SI,0.20190023752969122,76.90941176470588,False,46.88914834066374,94.96800000000002,85.40282973621102,-9.565170263789,6.134043165467659,-0.9834562788793022
656232,"Bielak, Brandon",2020,SI,0.15359116022099448,84.93424242424244,False,46.377263225986844,88.13819355678068,90.26274892795053,2.1245553711698477,-2.8842911380326797,-1.399857813238043
663776,"Sandoval, Patrick",2020,SI,0.18287671232876712,93.20951672862454,False,57.27575762883833,101.31898598974564,101.6816171867891,0.3626311970434557,-5.992309561989174,-3.0401643198944157
669373,"Skubal, Tarik",2020,SI,0.11815561959654179,100.9634650455927,False,49.37215841165235,113.87690695084989,104.66898694147822,-9.207920009371662,8.533747443755544,0.294457557714324
453284,"Parker, Blake",2020,FC,0.10719131614654002,86.51316455696205,False,46.04335116764968,95.62614472123369,89.9657865168539,-5.66035820437979,1.8083834895627433,-3.221415200051794
502043,"Gibson, Kyle",2020,FC,0.14960083304408192,83.52997679814385,False,46.83746443746551,90.93095866314864,96.38640622862,5.45544756547136,-6.5645701551813715,-0.45643063949255236
542585,"Cisnero, José",2020,FC,0.15337423312883436,113.9330120481928,False,26.423799939101876,100.71500967117984,105.16212605832548,4.447116387145641,2.5194210757118185,6.617288030118075
593372,"Martinez, Carlos",2020,FC,0.20931802835921676,83.3534065934066,False,28.00519332717577,96.77197007481296,92.4601725490196,-4.311797525793352,1.5328432643880205,0.1962162045865199
596001,"Junis, Jakob",2020,FC,0.17384370015948963,89.0348623853211,True,35.301557061580354,94.73613388150076,95.05827949130796,0.322145609807194,-10.137544860230378,-9.945717417445081
607231,"Gant, John",2020,FC,0.18254340685124354,97.78149100257068,False,45.654514120682755,101.32308333333336,96.5689952598744,-4.754088073458959,-3.9850462706907877,-4.393729686766022
615698,"Quantrill, Cal",2020,FC,0.26263924592973437,94.99075181281692,False,49.990236941098075,95.79956987354517,89.99082220333344,-5.80874767021173,-4.998700027320737,-11.55346807223502
642092,"Smith, Riley",2020,FC,0.1,104.6229906542056,False,40.87485558710841,96.26899598393574,92.24089853946444,-4.0280974444713,7.777179587925858,5.250453990408033
650633,"King, Michael",2020,FC,0.1704745166959578,108.65385620915032,True,30.87772172081931,93.4028085106383,110.39590207041894,16.993093559780647,-5.121829253994477,12.0837182043621
656794,"Newcomb, Sean",2020,FC,0.2453900709219858,127.5352046783626,False,48.479345047859354,93.60653333333332,102.43713859910582,8.830605265772505,1.8060710382513463,5.670018479880767
675921,"Howard, Spencer",2020,FC,0.11965811965811966,91.72303571428571,True,44.440239601788576,107.50607305936074,95.2364060767971,-12.269666982563649,-6.522160072843803,-18.1536654398748
592135,"Bedrosian, Cam",2020,FS,0.25213675213675213,94.30779661016948,False,61.69767149025615,96.6088796680498,92.2088089423804,-4.400070725669394,2.9142247088572475,3.253600992193185
650644,"Civale, Aaron",2020,FS,0.13370733987844788,86.07545454545452,False,46.83148693153682,97.1892,93.66772093023252,-3.52147906976748,-1.6962217054263817,-6.075644702842453
448855,"Guerra, Junior",2020,SL,0.12051077414205906,94.27364238410595,False,53.590805657357805,95.80901803607216,92.85668445524064,-2.952333580831521,-6.833296377355353,-5.47436188440318
592858,"Wick, Rowan",2020,SL,0.095,116.53421052631582,False,59.02238531180325,98.43683168316832,95.92726817042607,-2.509563512742247,-23.008234943795173,-22.13153279237703
607192,"Glasnow, Tyler",2020,SL,0.3246318607764391,107.43740139211138,False,54.93896803916518,110.6988969823101,116.0139221556886,5.315025173378501,-0.9221500962694336,0.5287950270114976
608718,"Suter, Brent",2020,SL,0.09746109746109746,94.9365721997301,False,50.09677839796888,109.60372093023258,103.77735519939952,-5.826365730833061,0.6714815637533462,-6.372357200583124
621121,"McCullers Jr., Lance",2020,SL,0.2573355817875211,128.9244725738397,False,32.94792591624269,102.455505107832,105.8470592459604,3.3915541381283987,-1.8600925828939978,1.9177992284759569
643338,"Green, Chad",2020,SL,0.17329545454545456,115.99021276595744,False,47.74861866336511,114.44756501182034,112.18321401370902,-2.2643509981113255,0.9298231721699182,0.734676871942554
650633,"King, Michael",2020,SL,0.09050966608084358,124.65067961165047,False,30.87772172081931,93.4028085106383,110.39590207041894,16.993093559780647,-5.121829253994477,12.0837182043621
656546,"Hoffman, Jeff",2020,SL,0.21323529411764705,105.44891986062716,False,41.37067636539777,91.61413533834585,98.4260110682022,6.811875729856354,-4.9484263643385304,1.4743211842273496
663554,"Mize, Casey",2020,SL,0.2793601248536871,92.77212669683256,False,31.629718870371494,95.32509225092252,97.71753086419749,2.3924386132749618,0.13705255749873402,2.916644862617204
664074,"Ponce, Cody",2020,SL,0.14185393258426968,94.14450980392157,False,40.68268520357498,90.656679245283,86.64485859223122,-4.011820653051785,6.426255907042318,3.6456756043576775
664208,"Maton, Phil",2020,SL,0.20605612998522896,101.30451315789476,False,31.0776510757801,102.79289124668436,105.83142207299352,3.038530826309156,-16.12659000674749,-13.658971087842389
657097,"Webb, Jacob",2020,CU,0.09223300970873786,85.04075471698113,False,32.53889832546673,98.90154761904762,96.28045936395756,-2.621088255090058,-9.199779151943474,-12.636984687868079
656288,"Canning, Griffin",2020,KC,0.10784313725490197,,False,49.28032163713025,91.60762295081972,97.06733295150822,5.459710000688503,0.9117744608676048,6.8428799120863175
518397,"Alexander, Scott",2020,CH,0.08620689655172414,86.5390909090909,False,39.11544820253838,107.2587064676617,108.77204724409448,1.5133407764327842,19.26832099345789,21.55418458886666
523260,"Kelly, Joe",2020,CH,0.16379310344827586,113.524,False,34.206619403332596,114.12187134502922,113.92689170182834,-0.19497964320088101,11.422417647494257,7.931661855059602
592612,"Osich, Josh",2020,CH,0.19183673469387755,96.1740909090909,False,39.10732868265281,104.55335913312692,97.19208695652176,-7.361272176605155,0.9708807488670175,-6.049324864270645
642092,"Smith, Riley",2020,CH,0.17009345794392525,73.81824175824177,False,40.87485558710841,96.26899598393574,92.24089853946444,-4.0280974444713,7.777179587925858,5.250453990408033
642547,"Peralta, Freddy",2020,CH,0.09573145462080399,86.29508771929825,False,36.705733062468056,104.45877593631737,105.19285785977137,0.7340819234539993,-1.4143357362583373,-3.175609677925152
640455,"Manaea, Sean",2021,FF,0.455087440381558,99.1475489428348,False,32.75587493321576,107.2628485052066,93.16811684911214,-14.094731656094467,3.437530878662926,-7.428885732028917
664776,"Cousins, Jake",2021,FF,0.23595505617977527,100.80730158730158,False,24.707810460209604,106.7167803030303,98.9992509363296,-7.7175293667007026,9.414774855294539,2.119980422199518
518489,"Brasier, Ryan",2021,SI,0.11776649746192894,107.38263157894734,False,41.412643678160926,94.84365482233504,105.93165876777252,11.088003945437478,1.287586595135636,9.326451175211119
542888,"Armstrong, Shawn",2021,SI,0.3498168498168498,113.81361930294904,False,47.27604130801867,101.28298241235096,,,,
543606,"Odorizzi, Jake",2021,SI,0.12573255194459243,,False,40.13004839393819,88.19355259671711,91.5551207811078,3.3615681843906913,-5.001567920521339,-1.2971680398004395
547001,"Poteet, Cody",2021,SI,0.11478599221789883,91.03632653061224,False,38.517522290462836,91.60423357664234,90.42543704989328,-1.1787965267490677,4.737267274717141,5.556641838653221
592662,"Ray, Robbie",2021,SI,0.20944426598136845,95.87535321821036,False,46.39150765042853,104.55801020408164,102.57792899408282,-1.980081209998815,-6.019156859242742,-7.7508764205879
594835,"Gonzales, Marco",2021,SI,0.13328631875881522,,False,48.008102165164004,92.83379577768204,88.02123185840712,-4.812563919274922,0.1544162029641143,-4.266589433147857
607455,"Banda, Anthony",2021,SI,0.19462025316455697,101.38434782608697,False,43.118872051005,95.24446471242013,98.0477313974592,2.803266685039077,-6.9191595510247055,-4.192105264418558
621295,"Wittgren, Nick",2021,SI,0.12287334593572778,90.08,True,34.45240593580493,88.82786620525965,90.80821576763483,1.9803495623751814,-14.810092922752432,-12.507750434591543
623465,"Phillips, Evan",2021,SI,0.10644831115660185,111.21268817204302,False,33.11406855725659,108.32631147540984,124.1682621648462,15.84195068943636,-10.236242206195925,6.6558692431667765
642028,"Rogers, Josh",2021,SI,0.13836477987421383,77.3730909090909,False,40.20806754221389,89.87377358490568,87.39647678676589,-2.4772967981397898,1.145447082197478,0.4108648212429955
656605,"Keller, Mitch",2021,SI,0.21550820817324484,94.02121827411166,False,51.13220015886785,87.56262330623305,99.50522103278428,11.942597726551227,3.506513108864681,17.6353398148066
656638,"Lange, Alex",2021,SI,0.2872628726287263,103.6485234899329,False,45.4819990458938,99.5686520376176,102.1916398104266,2.6229877728089974,1.2495761339493612,6.874967270350297
664076,"Cleavinger, Garrett",2021,SI,0.19239904988123516,112.96909090909092,False,33.81923886892705,103.02813748906676,110.99977239310708,7.9716349040403145,14.744446742885742,21.05121328030738
665795,"Cabrera, Edward",2021,SI,0.1168724279835391,103.32742857142856,False,44.70034090212561,97.95399159663866,99.36481450948064,1.4108229128419794,10.664211829826712,12.189665008625042
666808,"Doval, Camilo",2021,SI,0.2604817127564674,108.74931506849316,False,27.84156621184119,121.6512831858407,116.2399464285714,-5.4113367572692965,5.838134323641,1.3185543615675641
669145,"Zimmermann, Bruce",2021,SI,0.1650399290150843,83.7219298245614,False,46.418547835636545,89.63014482302322,90.24640588254024,0.6162610595170293,-0.6177280605087816,-1.6030129319645425
670990,"Ramírez, Yohan",2021,SI,0.5580645161290323,103.51194202898552,False,22.530552297632287,113.21935483870968,109.02070245775732,-4.198652380952353,0.01460599078342284,-4.47507972350229
672335,"Pérez, Cionel",2021,SI,0.1649269311064718,105.6476923076923,False,44.1000104468219,93.60123348017622,103.53855753646675,9.937324056290535,18.24720139369832,23.23494170313937
456501,"Cueto, Johnny",2021,FC,0.19772344013490725,84.10452025586355,False,35.07900825744522,88.47204775603873,87.79216987233251,-0.6798778837062258,-3.2420435481313206,-3.2959644441643547
601713,"Pivetta, Nick",2021,FC,0.16703227828267,97.00909788867564,False,55.7369922502681,104.34702179976938,98.41626366559484,-5.930758134174539,-1.7333172134194257,-7.735983898883973
621107,"Eflin, Zach",2021,FC,0.15262110152621103,89.27061452513966,False,30.68390035922461,95.31921544209212,98.21489549061496,2.8956800485228484,0.054579192215484795,0.6265490947279062
621249,"Underwood Jr., Duane",2021,FC,0.26595744680851063,95.40825278810412,False,49.63281167941236,90.89295726495722,99.49344510283738,8.600487837880166,-1.9858133997914393,7.063379180402023
623465,"Phillips, Evan",2021,FC,0.26509723643807576,105.60639999999997,False,33.11406855725659,108.32631147540984,124.1682621648462,15.84195068943636,-10.236242206195925,6.6558692431667765
624133,"Suarez, Ranger",2021,FC,0.09543859649122807,91.8117551020408,False,40.56804022659598,95.6906145459956,97.01239734063356,1.3217827946379543,-1.283150123549916,-1.099188296126357
641447,"Castano, Daniel",2021,FC,0.40978077571669475,96.0521186440678,False,48.075519870681894,91.10459842821544,95.2841833145392,4.179584886323767,3.9753430202123354,7.776403087885583
663531,"Allen, Logan",2021,FC,0.1031390134529148,103.99833333333332,False,46.435346757837245,94.94827094770042,95.77951219512197,0.8312412474215449,-11.964662057136806,-10.463468438664037
453178,"Kennedy, Ian",2021,FS,0.09239130434782608,96.68809523809524,False,33.25035141245952,106.38334888331234,99.74584295612009,-6.637505927192251,-5.63149997589683,-11.328433166240643
641941,"Pagán, Emilio",2021,FS,0.24760244115082825,87.35240143369175,False,42.45672190627331,109.58973467520578,105.2536177777778,-4.336116897427971,5.6275729592354224,3.8422491572633817
489334,"Stammen, Craig",2021,SL,0.12268188302425106,93.40406633906632,False,48.49705303153012,93.8585546075428,85.60984163443212,-8.248712973110685,1.3377093785206,-6.094468601096324
523260,"Kelly, Joe",2021,SL,0.16073968705547653,103.22051173528284,False,35.58511057126758,113.92689170182834,97.79099814889138,-16.135893552936963,3.2923309423457,-9.526174887877758
596071,"Peters, Dillon",2021,SL,0.09045226130653267,103.56514285714287,False,52.22030691462927,90.55552036199096,95.90637634891236,5.3508559869214025,2.10035580760848,10.617071265159026
606930,"Barnes, Jacob",2021,SL,0.09850107066381156,104.20857142857145,True,48.112324336043365,103.72529114694252,103.91317464793406,0.18788350099153206,-2.6071590990596576,-3.0387429186907866
608648,"Duffey, Tyler",2021,SL,0.11734693877551021,91.92307692307692,False,32.861839679066705,,95.1905135135135,,,
622253,"Tate, Dillon",2021,SL,0.25068870523415976,117.93449814126387,False,31.642667965448407,110.20971980676332,101.47806870937792,-8.731651097385395,8.355474439196271,-0.7134907755036011
623167,"Flexen, Chris",2021,SL,0.08303085299455536,100.64604352238132,False,67.15368073110167,92.8057967914438,90.22473941878958,-2.5810573726542145,-7.4043657306610555,-6.872740693891984
642152,"Trivino III, Lou",2021,SL,0.24477611940298508,134.1501321585903,False,36.008556498485746,103.05344150298896,110.99565406991228,7.942212566923317,-3.8590393122258604,0.1063999461883185
656605,"Keller, Mitch",2021,SL,0.22528815927348936,122.12089461271432,False,51.13220015886785,87.56262330623305,99.50522103278428,11.942597726551227,3.506513108864681,17.6353398148066
657093,"Watkins, Spenser",2021,SL,0.17722289890377588,103.09208467773668,False,60.1335643776264,81.75634092062525,90.4192490560084,8.662908135383148,-3.6917805620858672,2.488738350566422
660761,"Suarez, José",2021,SL,0.1903513371788149,119.4230303030303,False,34.72802217071106,92.34712362639584,103.89462703309032,11.547503406694474,-0.034989241337072485,11.895651980417611
664042,"Lakins, Travis",2021,SL,0.1934156378600823,101.26318181818182,False,42.92560568659372,91.37828343313372,92.37625,0.9979665668662818,-2.7517021725779216,-1.809482957162615
664285,"Valdez, Framber",2021,SL,0.10063990692262943,110.7628947368421,False,42.21483405320476,101.89881787602116,106.76667994687914,4.867862070857981,-2.1894577480563697,3.7129918385085574
669169,"Heasley, Jonathan",2021,SL,0.1252783964365256,105.47866666666668,False,53.939351724137936,86.889921875,93.6483895538629,6.7584676788629,-7.075671585963022,2.105439846300314
669432,"Rogers, Trevor",2021,SL,0.17478912839737581,122.9062608695652,True,26.38601130190791,99.72164421737114,103.68835142118864,3.9667072038175064,-2.625036808203447,1.8424831117207958
624133,"Suarez, Ranger",2021,CU,0.08140350877192983,114.65651741293532,False,40.56804022659598,95.6906145459956,97.01239734063356,1.3217827946379543,-1.283150123549916,-1.099188296126357
646242,"Díaz, Jhonathan",2021,CU,0.0847457627118644,87.31,False,34.72911392405063,93.12202531645568,92.79731188303224,-0.3247134334234403,-18.559638707677237,-16.21120315445833
663753,"Knehr, Reiss",2021,CU,0.2024793388429752,84.04100840336135,False,33.9625065054982,94.0774418586148,87.9013077602786,-6.176134098336206,18.073574587179905,12.626170369354227
676265,"Abbott, Cory",2021,KC,0.22248520710059172,100.31244680851064,False,42.986547540623626,88.01151288515985,90.96454731282704,2.953034427667191,7.747700967730026,10.434585747691088
543056,"Coulombe, Danny",2021,CH,0.1867704280155642,102.87272727272726,False,50.665936979588615,98.86360517950745,99.81144104803496,0.9478358685275197,-10.946766091373277,-13.1207903669425
643316,"Fry, Paul",2021,CH,0.1652542372881356,77.27948717948718,False,28.704341479798305,91.73202298850576,90.95563852265045,-0.7763844658553154,-10.197351673428017,-9.104166328600428
666205,"Muller, Kyle",2021,CH,0.09871244635193133,98.75826086956522,False,39.37854436170782,95.31260242978026,98.28852173913045,2.9759193093501892,14.836498444982453,12.24063178767527
594580,"Moll, Sam",2022,FF,0.2571976967370441,108.2172868217054,False,17.5112618724559,107.58634146341468,115.21373732556088,7.6273958621462015,-0.6743178619229866,2.6106449316491194
621016,"Cuas, Jose",2022,FF,0.19435215946843853,108.84991304347824,False,0.021542940320232913,100.55841176470588,98.39220238243836,-2.1662093822675246,-0.3981163629965181,0.5528040685950089
663855,"Hicks, Jordan",2022,FF,0.10469909315746084,114.872,False,35.07442652300067,115.23030541379543,124.65468578618342,9.424380372387986,0.15944335670464227,8.700891795052058
594577,"Mayers, Mike",2022,SI,0.10931174089068826,87.86999999999999,False,36.14651225559266,93.08681566119276,89.27054137699034,-3.8162742842024215,9.953704661548045,7.254788411570104
614179,"Ruiz, José",2022,SI,0.20368098159509201,89.26313253012046,False,43.885146414026835,92.6033183856502,96.6493657469433,4.046047361293105,2.5232332728091507,2.122573868526416
641793,"Littell, Zack",2022,SI,0.10460863204096561,79.4239393939394,False,48.82519788918206,96.63926121372032,94.15123969448857,-2.4880215192317507,4.547205704907341,1.8725253590519628
643377,"Jax, Griffin",2022,SI,0.12455830388692579,113.50985074626864,False,41.91859457120693,104.30296875000008,112.61982725527837,8.31685850527829,4.360040420398704,15.095729366602754
643493,"Pruitt, Austin",2022,SI,0.154557463672391,94.22971962616822,False,53.051761904421575,84.45438813349814,92.00128819463244,7.546900061134295,-5.891340884901979,2.962361850489316
656464,"Ginkel, Kevin",2022,SI,0.1087124132613724,95.91532710280374,False,38.84563155920448,100.39192468619248,95.3296499526964,-5.062274733496082,11.539520985816793,10.850648555357168
657265,"Strzelecki, Peter",2022,SI,0.19448698315467075,88.94634920634923,False,21.88677685950413,104.39649253731338,101.39761771476556,-2.998874822547819,-2.248022484032944,-7.279600303575222
659275,"Lamet, Dinelson",2022,SI,0.2581648522550544,78.34562874251498,False,46.23160246799677,96.79910806174956,93.28673799061804,-3.512370071131528,2.4566815292732542,-0.016806087267866587
660906,"Pérez, Francisco",2022,SI,0.21103896103896103,78.50032786885245,False,52.326341463414636,94.555,88.73077922077923,-5.824220779220781,1.9452397602398008,-1.626946803196745
662253,"Muñoz, Andrés",2022,SI,0.19138755980861244,120.83069182389936,False,26.267655135857005,134.93128305582763,123.45722155688628,-11.474061498941353,-7.336487299641746,-13.990622250112892
663485,"Sands, Cole",2022,SI,0.1353211009174312,93.7204,False,16.571887786918218,89.51483312431898,92.67873786407768,3.163904739758692,-5.123655007293834,-1.2477782739474037
664353,"Urquidy, José",2022,SI,0.09250398724082935,95.04895238095236,False,52.81425592284495,100.31622816450886,98.00451031214791,-2.3117178523609425,-1.8677502591262538,-2.5944819992241577
665001,"Kelley, Trevor",2022,SI,0.4745762711864407,103.32777777777778,False,-12.150924817067983,100.6516956521739,106.66809452706828,6.016398874894378,1.601043671681012,7.306655959372804
666721,"Castillo, Max",2022,SI,0.09649122807017543,,False,30.553891774142024,84.67016296733901,93.74241176470588,9.072248797366868,-0.830359945987027,6.990374546375236
669432,"Rogers, Trevor",2022,SI,0.18565400843881857,85.00645161290322,False,21.414962265177685,103.68835142118864,91.77430303030305,-11.914048390885597,14.996769556025342,2.702256518675185
518489,"Brasier, Ryan",2022,FC,0.13215400624349635,98.78455284552844,False,39.911167512690355,105.93165876777252,107.0144796935673,1.0828209257947776,2.4574411959701195,1.2083790317781364
543056,"Coulombe, Danny",2022,FC,0.42473745624270715,110.46963172804531,False,49.683649608741405,99.81144104803496,113.52266953713674,13.71122848910177,6.802027723851992,28.06875675116683
543243,"Gray, Sonny",2022,FC,0.12544919960797124,89.72850948509483,False,46.97383988934102,100.8855120643431,99.4753506585973,-1.4101614057457965,2.5205948860279648,2.712894466942217
592789,"Syndergaard, Noah",2022,FC,0.13297515110812627,81.96870056497174,False,39.15350878718811,92.71809680650406,85.47218463079942,-7.245912175704646,-0.9728319296758627,-7.348820181174645
596112,"Stephenson, Robert",2022,FC,0.39254658385093166,121.06569620253164,False,43.062152644032075,101.57639023312574,111.52418658343892,9.947796350313183,-4.779967454590576,5.039517593431498
596133,"Weaver, Luke",2022,FC,0.10983170947741364,80.62435483870966,False,43.13300322835025,92.17933335393516,85.81729900238655,-6.3620343515486155,3.0133051266542594,-0.3911989431367431
608344,"Irvin, Cole",2022,FC,0.15789473684210525,100.76364532019704,False,42.459294743941534,90.83977735124763,93.55026215981674,2.710484808569106,-1.0346762950563004,2.746631311818277
623451,"Stephens, Jackson",2022,FC,0.168141592920354,92.49684210526316,False,41.99866117404737,93.6736278664008,92.80524444444444,-0.8683834219563664,10.021512344590164,13.345527531508054
628711,"Urías, Julio",2022,FC,0.09248242293131423,132.37473684210528,False,42.00877856457941,108.17928024502297,107.91951193058571,-0.25976831443725246,-4.197373660030664,-4.87696493407698
642701,"Santana, Dennis",2022,FC,0.0967741935483871,117.835,False,28.511690841919535,99.75066457954225,103.5468778280543,3.7962132485120605,4.739443230521928,3.537649019902716
650893,"Cabrera, Génesis",2022,FC,0.31750741839762614,117.9482894736842,False,48.408560120255004,108.26588486140729,108.12764618006452,-0.13823868134277006,17.0672286029874,15.682906584697022
656257,"Brigham, Jeff",2022,FC,0.18110236220472442,82.51291338582676,False,35.58052430466348,107.72076555023924,101.20435294117644,-6.516412609062797,-5.702765128060733,-10.354991978609604
656557,"Houck, Tanner",2022,FC,0.11040828062104657,82.7981914893617,True,16.956098959338483,104.13379037605384,100.09836944127709,-4.035420934776752,7.947826428894999,3.3198626135610567
656605,"Keller, Mitch",2022,FC,0.24311639549436795,99.20137566137564,False,43.64495549189275,99.50522103278428,106.83533718689792,7.3301161541136395,-0.7871090015288473,4.062133280733619
656818,"Overton, Connor",2022,FC,0.125,69.06,False,37.019189765458414,83.48335444625612,83.66050000000001,0.17714555374389818,-22.24562710397592,-18.358862636397816
657376,"Schmidt, Clarke",2022,FC,0.27687411598302686,99.32261213720317,False,37.09554893284368,106.2317615172888,103.21001989683133,-3.021741620457476,4.298094532023612,1.2105767537920258
657571,"Ferguson, Caleb",2022,FC,0.3016014234875445,120.41229357798164,False,36.93091944646928,98.9720527884206,107.06722571506516,8.095172926644565,-4.814688090398235,3.472948108588568
664208,"Maton, Phil",2022,FC,0.33157431838170626,86.44994011976047,False,27.06896205794,109.46227522935776,102.43199230028873,-7.030282929069031,5.286708073217895,0.14964277578118867
666818,"Frías, Luis",2022,FC,0.45454545454545453,105.10568093385214,False,52.59890895197523,97.7173033707865,99.45391143911438,1.7366080683278824,4.0574414362121445,2.0412672581781663
669194,"Nelson, Ryne",2022,FC,0.12,98.1596855345912,False,56.095755200520045,103.40466403162054,98.25649800030112,-5.14816603131942,3.1649452543325793,-3.719694756061287
669395,"Coleman, Dylan",2022,FC,0.24299065420560748,92.84411764705882,False,34.35473271281802,112.28570723684204,106.4959268929504,-5.78978034389165,-18.281495551051265,-21.102160102033764
669432,"Rogers, Trevor",2022,FC,0.10337552742616034,,True,21.414962265177685,103.68835142118864,91.77430303030305,-11.914048390885597,14.996769556025342,2.702256518675185
669459,"Nelson, Kyle",2022,FC,0.08888888888888889,101.96347152126891,False,39.496145887099786,,100.30022753128556,,,
676092,"Snider, Collin",2022,FC,0.12967581047381546,107.49563636363636,False,14.233856157672117,98.9882474226804,103.7429731048408,4.754725682160398,-5.0521718596887695,-5.231429112790451
676534,"Faucher, Calvin",2022,FC,0.2912966252220249,104.15308641975308,False,50.37182448036952,102.50594771241832,102.26183774528468,-0.24410996713363886,2.27267140743092,1.1187522890289046
680686,"Gray, Josiah",2022,FC,0.18686526743398782,85.34082352941176,False,37.5664172670346,96.18719075144512,90.90727661089356,-5.279914140551554,-9.794680637724383,-14.796178421821963
681217,"Silseth, Chase",2022,FC,0.08445945945945946,97.73173333333337,False,38.97744510978044,90.9844758064516,94.12402861440016,3.1395528079485615,-7.40792953700695,-5.363549111110316
596112,"Stephenson, Robert",2022,FS,0.10683229813664596,97.52987654320988,False,43.062152644032075,101.57639023312574,111.52418658343892,9.947796350313183,-4.779967454590576,5.039517593431498
608328,"De Jong, Chase",2022,FS,0.13087248322147652,80.57846153846154,False,50.85909196754849,92.98295473953884,90.6552,-2.3277547395388467,-11.422930372900638,-12.35537755005221
615698,"Quantrill, Cal",2022,FS,0.12183288409703504,94.43914285714284,False,45.003258390355164,89.42175763817369,88.67494145199062,-0.746816186183068,-5.930215475969348,-3.7987529776476663
657746,"Ryan, Joe",2022,FS,0.2707594038325053,91.15316005471958,False,26.299440545316287,104.85796226415096,102.4255937266617,-2.4323685374892534,9.018048319798055,5.863015351423101
669302,"Gilbert, Logan",2022,FS,0.14784394250513347,132.92430555555555,False,49.52774363899137,103.1685163007319,100.87655125128556,-2.2919650494463326,6.882400065598418,5.140617644838358
554430,"Wheeler, Zack",2022,SL,0.1308308032017665,113.06439276485791,False,34.760803547352005,109.0191167728238,116.6682170050761,7.6491002322522945,-1.3324979603824119,6.678599992455901
605242,"Fulmer, Michael",2022,SL,0.3042105263157895,123.48680634873548,False,38.56602663827281,97.20688644063831,104.249140389016,7.042253948377692,2.5505125261859405,6.714418602674641
621363,"Poche, Colin",2022,SL,0.3507537688442211,101.27567901234566,False,58.8741286754461,115.92398357289524,104.39089924160344,-11.533084331291803,3.023005065617184,-6.409866095959714
621381,"Strahm, Matt",2022,SL,0.2681491170699804,118.16465662319064,False,33.41005604763393,112.7089262613196,113.87389212361354,1.1649658622939398,3.5678911679192424,6.496939497715161
622251,"Staumont, Josh",2022,SL,0.22070844686648503,103.07429533429534,False,60.7155573052404,96.73101648351653,95.70350979192166,-1.0275066915948656,-0.36675131124110294,0.8111535930731151
640451,"Harvey, Hunter",2022,SL,0.1391484942886812,123.79492537313432,False,47.136459909228435,107.87969742813924,108.8368366285119,0.9571392003726658,0.6073968902160232,1.0687300640250612
641154,"López, Pablo",2022,SL,0.21446003660768762,97.13262345679016,False,29.610118423582005,96.05548053737512,98.57317865429232,2.5176981169172024,11.893183004426291,11.239298831480966
656638,"Lange, Alex",2022,SL,0.5820642978003384,,True,36.40409910942186,102.1916398104266,102.90586805555552,0.7142282451289219,-2.2781924697208638,-0.3683014744602531
656794,"Newcomb, Sean",2022,SL,0.225,,False,42.88486936570924,101.7438768115942,91.29424209603384,-10.449634715560364,20.95800557016868,9.650944220950038
657585,"Garrett, Reed",2022,SL,0.10393258426966293,105.91027027027027,False,39.97842787304494,98.46925373134329,106.45298090785116,7.98372717650787,25.1190711317754,33.26009428602168
663460,"Bubic, Kris",2022,SL,0.17664670658682635,87.77000000000001,False,40.695622140398044,92.42218809042612,89.3903422053232,-3.031845885102925,3.834869260470157,-1.177729702316384
666142,"Ragans, Cole",2022,SL,0.10403530895334175,130.8997575757576,False,48.351699716713874,99.60556028368796,109.28186626274952,9.676305979061553,1.3502096819040474,10.618255379315897
669674,"Long, Sam",2022,SL,0.12371134020618557,118.52708333333334,False,52.95277401894451,103.99706049644904,99.70315043498776,-4.2939100614612755,0.21273963242724392,-8.50059849224192
676664,"Sears, JP",2022,SL,0.3456574816881758,125.36080808080813,False,21.837741663646078,93.895689745783,100.89891061452512,7.003220868742119,-0.9048102957128208,2.6664537665885177
579328,"Kikuchi, Yusei",2022,CU,0.18591641987495885,91.66441121495328,False,41.72271966180399,100.04138063245304,98.36104477611944,-1.680335856333599,9.585731226948084,5.4567971607933
601713,"Pivetta, Nick",2022,CU,0.24442642886096475,94.27321249671348,False,55.294834377504785,98.41626366559484,102.38927644993284,3.973012784337996,5.590533020469124,10.233137344727965
666168,"Thompson, Mason",2022,CU,0.08297413793103449,116.6922666666667,False,31.1209935265455,99.54920547945206,100.56338185890247,1.0141763794504186,2.4667778306156407,2.620118547607717
596133,"Weaver, Luke",2022,KC,0.11824623560673161,88.8281647940075,True,43.13300322835025,92.17933335393516,85.81729900238655,-6.3620343515486155,3.0133051266542594,-0.3911989431367431
641745,"Keller, Brad",2022,KC,0.19042663891779396,,True,47.759030817389494,95.16805043059948,90.5201840785599,-4.6478663520395855,-17.122531985068562,-19.792581108474494
666142,"Ragans, Cole",2022,KC,0.12421185372005045,109.25624365482236,False,48.351699716713874,99.60556028368796,109.28186626274952,9.676305979061553,1.3502096819040474,10.618255379315897
488984,"Hunter, Tommy",2022,CH,0.08728179551122195,75.72370370370369,False,40.214899713467055,99.30786127167627,89.74474114441414,-9.563120127262138,9.046983824479028,1.4998765179317246
518617,"Diekman, Jake",2022,CH,0.14650934119960668,89.75452054794519,False,20.60720199929155,117.88364621064515,119.8477398902452,1.9640936796000403,1.2109704974974846,4.165842279622808
660787,"De los Santos, Yerry",2022,CH,0.2079002079002079,79.10742857142857,False,31.44164810690423,98.8252584269663,93.9386901763224,-4.886568250643904,3.940813969943079,0.013757450541916683
660906,"Pérez, Francisco",2022,CH,0.18831168831168832,73.12275862068965,False,52.326341463414636,94.555,88.73077922077923,-5.824220779220781,1.9452397602398008,-1.626946803196745
596001,"Junis, Jakob",2023,FF,0.09968186638388123,105.59063829787236,False,31.189346064700256,107.46617559294438,98.04908491390908,-9.417090679035297,9.184607162384339,-1.3901722543947557
630023,"Chirinos, Yonny",2023,FF,0.1650485436893204,80.12894117647059,False,46.44189060975799,91.25335228258902,99.6456310679612,8.392278785372184,-8.402550763496478,-5.231145901241959
663704,"McArthur, James",2023,FF,0.09080841638981174,80.70246913580247,False,29.420527859237534,100.71958944281523,102.2994905869324,1.5799011441171587,-8.692173432968701,-10.520578586204977
663903,"Singer, Brady",2023,FF,0.10991233985165205,77.38811940298505,False,30.049782050197418,88.88738780207137,90.52730834177648,1.639920539705102,-0.5403931819444381,-0.017132876998232405
670990,"Ramírez, Yohan",2023,FF,0.17057291666666666,88.9420436927414,False,18.226128634043675,110.98050722304012,108.51664921827113,-2.463858004768994,5.931058440464227,7.199391315469327
543859,"Tonkin, Michael",2023,SI,0.17124735729386892,94.41423868312756,False,14.561713746616187,98.851359375,102.70475345717448,3.853394082174475,-7.742380480806162,-2.8765752331101595
571656,"Farmer, Buck",2023,SI,0.238013698630137,92.22147887323943,False,32.722541360437745,93.07559769167354,99.03643429667258,5.960836604999045,-0.3392898362090335,4.663891194408308
595345,"Okert, Steven",2023,SI,0.09090909090909091,105.7025,True,31.694303916870986,110.64865632877098,113.42656723753574,2.7779109087647527,11.87477412925466,14.576463789369143
607192,"Glasnow, Tyler",2023,SI,0.08686659772492245,114.09908571428572,False,55.420530317213355,110.70486286919834,107.53906514172051,-3.1657977274778233,0.48836413439163096,-2.820657313048315
608678,"Leone, Dominic",2023,SI,0.08587257617728532,104.96866666666666,False,39.517266067839564,101.92635786979716,98.64520775623268,-3.281150113564479,-3.998685604835771,-5.53724505356675
608717,"Stratton, Chris",2023,SI,0.09154929577464789,94.03793103448275,False,37.7365070905618,94.89649777711934,90.03689828801609,-4.859599489103246,-11.488048276823818,-14.28874107652122
642232,"Yarbrough, Ryan",2023,SI,0.29742547425474253,94.088165374677,False,19.802824888154472,107.10228632458583,108.7282592078614,1.6259728832755656,-7.939156153776111,-4.883992000603641
656731,"Megill, Tylor",2023,SI,0.0989010989010989,105.9279104477612,False,41.42751148378407,88.56933333333335,103.37992693518017,14.810593601846819,-4.487769089541047,8.727497092646956
657571,"Ferguson, Caleb",2023,SI,0.09680851063829787,118.12652173913042,False,41.17534845211508,107.06722571506516,101.50760711871514,-5.55961859635002,3.88995700367596,-1.381993509817832
666818,"Frías, Luis",2023,SI,0.10480349344978165,101.09636363636363,False,46.513799845838015,99.45391143911438,100.47979565217392,1.0258842130595411,-0.30815804588482365,4.310173644885538
669438,"Englert, Mason",2023,SI,0.10136986301369863,96.34736842105262,False,31.521472928173857,87.0429102735783,92.77399516518936,5.7310848916110615,-3.3741519836091243,-0.794572613385057
669952,"White, Mitch",2023,SI,0.17433414043583534,83.00210526315789,False,41.55810276679842,91.57152941176469,95.37424133461415,3.8027119228494684,25.83401769032963,27.746989093924242
670124,"Oller, Adam",2023,SI,0.09436619718309859,,False,42.98116257354967,86.63097876213594,92.4917231638418,5.860744401705858,12.386808821512815,17.612835589106453
671106,"Allen, Logan",2023,SI,0.11051051051051052,,False,43.43451331195706,92.3711496949789,92.5381456953642,0.16699600038529638,-10.974904541230956,-11.395082929072856
672710,"Contreras, Roansy",2023,SI,0.10335195530726257,92.05284403669724,False,49.97343381935252,90.26829058634286,94.24006646598204,3.971775879639182,-5.519697805241023,-0.2918899721606465
674072,"Henry, Tommy",2023,SI,0.17280453257790368,84.46992000000002,False,42.204355057935075,83.64164045454976,84.15241997167139,0.5107795171216338,3.234217589683041,0.9766250301534569
675989,"Bolton, Cody",2023,SI,0.28205128205128205,106.77860465116282,False,36.09174332265898,92.27558498896248,106.89737179487176,14.62178680590928,7.759357276277811,17.172845984038048
676664,"Sears, JP",2023,SI,0.10749299719887956,74.78927152317883,False,22.960819076624666,100.89891061452512,95.3784232655922,-5.520487348932917,1.880219108337542,-2.744891238602591
677020,"Walker, Josh",2023,SI,0.27906976744186046,81.67666666666668,False,48.38082191780823,97.21972602739729,95.1933953488372,-2.026330678560086,-6.242505256451125,-6.114468726770795
679885,"Martinez, Justin",2023,SI,0.4485981308411215,128.05424812030077,False,43.791941118224955,106.44584745762712,121.3837883959044,14.93794093827728,8.98469890669287,22.03220859605483
686613,"Brown, Hunter",2023,SI,0.18137763932156456,111.68281368821292,False,56.55872664093321,,104.55155187839836,,,
686826,"Jarvis, Bryce",2023,SI,0.147117296222664,97.57906666666668,False,38.1645945945946,85.17951863105708,94.7842430278884,9.604724396831315,-5.410725559619763,0.954572681925498
690829,"Joyce, Ben",2023,SI,0.35489833641404805,115.9329842931937,False,20.354950495049504,115.17980198019802,127.92023822550831,12.740436245310292,-10.390745359711573,8.469771149869175
547179,"Lorenzen, Michael",2023,FC,0.09990439770554493,86.7528229665072,False,41.26698117252424,94.88794817963492,91.28480739549715,-3.6031407841377643,-7.233470903852719,-8.398500880301583
548389,"Stripling, Ross",2023,FC,0.15905743740795286,78.69046296296295,False,64.85240602620344,91.66891438538492,84.53780157166025,-7.13111281372467,1.3182431445493137,-5.713921381642166
571578,"Corbin, Patrick",2023,FC,0.19182825484764543,99.98451263537908,False,40.90990124829178,83.67940913775338,93.45638504155124,9.776975903797862,-3.682764482986016,3.1643522801561232
606965,"Devenski, Chris",2023,FC,0.13883677298311445,98.89270270270272,False,42.97995754088876,103.30215801819328,100.67287054409005,-2.6292874741032364,-9.142008723393246,-10.625009864858157
607625,"Lugo, Seth",2023,FC,0.08515424164524421,92.86470588235292,False,39.43065770426672,98.6434584563475,96.74312258064518,-1.900335875702325,-5.569779390756693,-6.8931406919633105
608371,"Sims, Lucas",2023,FC,0.15480225988700566,93.47138686131387,False,38.96979166666667,110.9809324452902,113.51165475935063,2.5307223140604407,-2.962661194955146,0.5428183888918028
622075,"Almonte, Yency",2023,FC,0.13108614232209737,84.06742857142856,False,38.01569867411613,114.83556390977444,112.83835205992509,-1.99721184984935,-5.198270676691678,-7.748701810706535
622098,"Smith, Drew",2023,FC,0.2682926829268293,105.59,False,40.537543922539975,99.91333950046248,101.2492261904762,1.3358866900137087,1.500572551869979,0.1795083917007645
641771,"Kuhl, Chad",2023,FC,0.09285714285714286,85.16659340659339,False,41.5312987012987,91.82205008462805,97.59971250247663,5.777662417848589,-7.691253364384849,-0.9482036322996095
647315,"Pop, Zach",2023,FC,0.12382234185733512,90.2182608695652,False,28.077797385620915,114.77537688442212,110.76253711201072,-4.012839772411397,19.287727300469953,12.923144196013808
656629,"Kopech, Michael",2023,FC,0.10517090271691498,131.05366666666666,False,41.24374485596708,97.70542474629062,127.3387690650422,29.633344318751583,1.9716874322614473,29.488625223132146
656731,"Megill, Tylor",2023,FC,0.14212454212454212,88.25107526881719,True,41.42751148378407,88.56933333333335,103.37992693518017,14.810593601846819,-4.487769089541047,8.727497092646956
657514,"Bernardino, Brennan",2023,FC,0.11511627906976744,95.94333333333334,False,19.584092063423025,94.38520404608616,104.97522575735957,10.590021711273408,-5.992352709908374,2.8433956538797673
663546,"Hjelle, Sean",2023,FC,0.10587262200165426,82.29562499999997,False,28.064008039046797,109.70837209302324,106.74772689425475,-2.960645198768489,11.395154457848463,6.817204170942858
664076,"Cleavinger, Garrett",2023,FC,0.24621212121212122,102.0943884892086,False,34.392265505131654,112.88255924170616,112.73945075757578,-0.14310848413038002,-12.051539476518727,-9.639289458566807
666129,"Garrett, Braxton",2023,FC,0.09183673469387756,88.42888888888889,False,43.12723903570986,102.53657757124098,95.67165247018738,-6.8649251010536005,2.5495124167136964,-3.09921345430584
668909,"Williams, Gavin",2023,FC,0.12134502923976608,101.96707317073172,False,39.82361010830325,96.03346320346324,101.43755311355312,5.40408991008988,-1.2939349539349507,4.591172161172167
669022,"Gore, MacKenzie",2023,FC,0.14161656646626586,,False,50.34785025791158,100.29915550142113,104.33959719255417,4.04044169113304,-1.556011775621883,2.311145972291044
669302,"Gilbert, Logan",2023,FC,0.10555738243998684,92.59133956386296,True,52.24732111569844,100.87655125128556,96.24569078947366,-4.630860461811906,4.776894901484894,2.3335894191039444
669438,"Englert, Mason",2023,FC,0.136986301369863,86.6372,False,31.521472928173857,87.0429102735783,92.77399516518936,5.7310848916110615,-3.3741519836091243,-0.794572613385057
669461,"Liberatore, Matthew",2023,FC,0.12896094325718496,96.6732183908046,False,46.4699668223839,94.96925401322002,103.72297999357566,8.75372598035564,3.115269346557426,9.876701388733395
670167,"Schreiber, John",2023,FC,0.1653631284916201,90.52445945945946,False,8.094648274933478,100.3666657308628,100.12127946127951,-0.24538626958329246,-4.86515427908131,-5.992301074882519
675989,"Bolton, Cody",2023,FC,0.3141025641025641,103.45857142857142,False,36.09174332265898,92.27558498896248,106.89737179487176,14.62178680590928,7.759357276277811,17.172845984038048
676477,"Whitlock, Garrett",2023,FC,0.18691588785046728,77.21612903225807,True,36.35086654768486,103.10078077330242,92.152,-10.948780773302417,-1.555614252407139,-6.061063810261913
676596,"Fleming, Josh",2023,FC,0.2556390977443609,83.03955882352942,False,25.526888467886867,103.72563230658604,99.3673276110432,-4.3583046955428415,-8.105315903015438,-11.261438721884517
676979,"Crochet, Garrett",2023,FC,0.28517745302713987,123.9431176470588,False,42.78582484121014,105.96076388888886,115.6855108877722,9.724746998883333,14.586027707984314,21.055228922389688
686826,"Jarvis, Bryce",2023,FC,0.1242544731610338,99.10046875,False,38.1645945945946,85.17951863105708,94.7842430278884,9.604724396831315,-5.410725559619763,0.954572681925498
607067,"Rea, Colin",2023,FS,0.0879245283018868,81.87422413793104,False,37.480307617987755,,96.32279774170202,,,
663855,"Hicks, Jordan",2023,FS,0.19050051072522983,112.86380697050936,False,39.61137874440728,124.65468578618342,105.00092153975116,-19.65376424643226,0.913539054324886,-18.3349981510394
665152,"Kremer, Dean",2023,FS,0.18470750806080147,91.5346,False,37.32579027673812,101.9945535408826,96.28014780600462,-5.714405734877985,1.0750056215774606,-4.5130090016347
668881,"Greene, Hunter",2023,FS,0.08349590323839251,107.73392523364488,False,29.065312413581886,112.14484210526314,113.13361535448496,0.988773249221822,-5.885007607149603,-4.472138173122133
669093,"Estrada, Jeremiah",2023,FS,0.19959058341862845,113.99869346733662,False,61.654008438818565,105.14521008403364,107.00978000000003,1.864569915966399,14.399858151260446,14.99331882352935
670102,"Francis, Bowden",2023,FS,0.18292682926829268,101.806968641115,False,39.982163116648024,107.50074349442376,98.72081434236216,-8.779929152061598,0.5106248249850296,-5.091403085469452
682243,"Miller, Bryce",2023,FS,0.17060749363404876,115.48140724946695,False,45.96561604584527,102.45847401049116,105.39031341107868,2.9318394005875206,-3.732920978323918,0.3667377907631675
694037,"Palencia, Daniel",2023,FS,0.09885931558935361,106.38923076923078,False,37.417004048582996,116.78773279352224,108.68258555133085,-8.105147242191393,-7.617098720770954,-11.942626498976352
608379,"Wacha, Michael",2023,SL,0.09223674096848578,89.60217573221756,False,53.1357968147442,98.1402885482417,100.41753191489364,2.2772433666519447,1.9232026622342744,6.904775588511768
643410,"Leiter Jr., Mark",2023,SL,0.0916256157635468,87.71906657515443,False,48.880614837777216,86.98041904761908,88.77805774554116,1.797638697922082,14.878914288629105,13.85673757485246
658648,"Avila, Pedro",2023,SL,0.10500352360817478,90.80429530201344,False,41.94274602631676,92.48476060215454,87.99344991206777,-4.491310690086763,-1.7944678281708804,-3.488640674536285
669432,"Rogers, Trevor",2023,SL,0.2059741417744093,89.88844155844157,False,23.581216559604197,91.77430303030305,88.82636836258943,-2.9479346677136107,-13.407977988244397,-12.49907085789475
608344,"Irvin, Cole",2023,CU,0.2524052065647991,95.61578475336324,False,42.244505576112175,93.55026215981674,93.67663666552971,0.12637450571297393,-2.2853291948610917,-1.6222984614382199
625643,"López, Reynaldo",2023,CU,0.11569464201043149,96.39409836065576,False,42.36042885894814,113.15820150796048,97.95946930644264,-15.198732201517842,6.605813327175781,-8.361399292811342
641329,"Baker, Bryan",2023,CU,0.0921409214092141,108.29117647058824,True,59.012979880088984,103.89173913043476,102.2066483516483,-1.68509077878646,-1.8458373851213281,1.330698828026172
669302,"Gilbert, Logan",2023,CU,0.11805327195001644,93.08608938547486,False,52.24732111569844,100.87655125128556,96.24569078947366,-4.630860461811906,4.776894901484894,2.3335894191039444
670124,"Oller, Adam",2023,CU,0.14929577464788732,85.25702422145328,False,42.98116257354967,86.63097876213594,92.4917231638418,5.860744401705858,12.386808821512815,17.612835589106453
670990,"Ramírez, Yohan",2023,CU,0.140625,93.625173370319,False,18.226128634043675,110.98050722304012,108.51664921827113,-2.463858004768994,5.931058440464227,7.199391315469327
674003,"Bradford, Cody",2023,CU,0.1276595744680851,95.10501885057472,False,54.59300713526016,99.7695139033968,88.74105884323559,-11.028455060161207,5.939877918724775,-3.3146666217030827
677020,"Walker, Josh",2023,CU,0.3813953488372093,104.23731707317071,False,48.38082191780823,97.21972602739729,95.1933953488372,-2.026330678560086,-6.242505256451125,-6.114468726770795
656638,"Lange, Alex",2023,KC,0.5782493368700266,100.18100917431192,False,40.82329157361712,102.90586805555552,100.63551999999996,-2.2703480555555586,0.7203311111111077,-0.3113888888889562
669467,"Pallante, Andre",2023,KC,0.12616339193381593,96.222868852459,False,53.118520167241,102.55910369068542,96.59792191036202,-5.9611817803234,1.4057410715527539,-2.9648470159351916
686973,"Varland, Louis",2023,KC,0.15538290788013318,105.70957142857144,False,36.1681981981982,97.9367383530986,98.07816383369988,0.1414254806012707,-13.490002398358783,-12.13807019705402
543351,"Jackson, Jay",2023,CH,0.13245033112582782,74.4793333333333,False,31.203729179538556,,93.5967256637168,,,
594580,"Moll, Sam",2023,CH,0.08974358974358974,98.375,False,18.350203151123104,115.21373732556088,106.34045088566832,-8.873286439892567,-0.8170450067781871,-8.553620855611257
608678,"Leone, Dominic",2023,CH,0.26038781163434904,91.93680851063829,False,39.517266067839564,101.92635786979716,98.64520775623268,-3.281150113564479,-3.998685604835771,-5.53724505356675
677944,"Cecconi, Slade",2023,CH,0.12170542635658915,95.69082802547771,False,38.32921348314607,90.35052631578948,95.10401366120298,4.753487345413504,8.61496759725678,12.244302912131403
518585,"Cruz, Fernando",2024,SI,0.14015151515151514,94.57929203539824,False,45.407381370826016,104.08015470580555,100.6730973451328,-3.407057360672752,-1.8746711717878242,-2.1459792734195986
571760,"Heaney, Andrew",2024,SI,0.11527377521613832,98.32177966101696,False,29.502576173594274,99.37988167720088,90.1880951716421,-9.191786505558781,1.0726952947032373,-7.558630444400876
607074,"Rodón, Carlos",2024,SI,0.09750778816199376,108.3979935275081,False,45.38059316569955,111.02942543576498,107.31328750000004,-3.716137935764934,2.8585048216591247,-2.897146994028404
663436,"Martin, Davis",2024,SI,0.10827197921177999,96.98903225806453,False,39.4237668161435,93.862599705379,92.8476866215219,-1.0149130838570954,1.0252233874801533,-1.1423249781532405
664299,"Javier, Cristian",2024,SI,0.09562398703403566,84.70338983050847,False,38.418070175438594,99.191985940246,94.99617504051864,-4.195810899727363,2.672654177336355,-5.121595793467478
666277,"Soriano, George",2024,SI,0.1829787234042553,98.97622047244094,False,21.43121387283237,90.26374517374518,98.40765217391304,8.143907000167857,-1.4041279167365985,8.959757148452752
669062,"Miller, Erik",2024,SI,0.18464730290456433,131.87720930232555,False,37.0645390070922,102.8629143393316,106.87484407484406,4.011929735512467,-12.391971599900486,-6.983630127477696
669387,"Mlodzinski, Carmen",2024,SI,0.1493624772313297,110.35800829875518,False,26.359699769053123,105.1495818458102,,,,
669674,"Long, Sam",2024,SI,0.10814249363867684,100.7766265060241,False,55.817806267806276,100.94361031518623,97.32252206809584,-3.6210882470903982,0.2946474705245805,-2.8046802790896095
672782,"Gómez, Yoendrys",2024,SI,0.19017288444040037,91.04169811320756,False,41.58644859813084,91.13355140186913,97.11367446670008,5.9801230648309485,-9.253335666267404,-8.915282476360659
676440,"Bibee, Tanner",2024,SI,0.15622895622895622,110.1236989247312,False,51.022518414591374,102.76879522304176,103.71468177274244,0.9458865497006741,-0.6685775880583975,2.3237836375113403
676534,"Faucher, Calvin",2024,SI,0.11195445920303605,106.13907692307691,False,50.01337386018237,100.34763358778636,107.36558178752108,7.017948199734718,8.465498165621824,15.119027560727545
676974,"Meyer, Max",2024,SI,0.13763233878729547,104.48211267605636,False,46.08812884393619,88.09427094105482,97.33934362934365,9.245072688288829,6.301520844230268,13.701154647778282
677161,"Kelly, Zack",2024,SI,0.14457831325301204,107.7931111111111,False,35.9407329842932,114.7728414303353,108.56442906574394,-6.208412364591368,1.8259910178289402,-6.1223734399968635
677944,"Cecconi, Slade",2024,SI,0.1047018904507998,92.69823788546258,False,37.29441860465116,95.10401366120298,93.12654773384769,-1.977465927355297,-6.702214716984727,-8.389893431341648
681293,"Arrighetti, Spencer",2024,SI,0.0825242718446602,106.80181818181818,False,24.63992015968064,100.36795686773024,102.38190938511327,2.013952517383032,-3.912585305624532,-1.552016337522275
681869,"Dubin, Shawn",2024,SI,0.15970961887477314,100.19213483146066,False,39.629999999999995,98.1020476190476,96.40141981537408,-1.7006278036735125,9.804910496381908,1.7081601841811107
683004,"Leiter, Jack",2024,SI,0.12349980642663569,95.64301538461535,False,50.34499252615845,105.24991942424704,103.6152664092664,-1.6346530149806426,-0.21867060023912188,-0.18715052561344692
685107,"Veneziano, Anthony",2024,SI,0.11203319502074689,101.26036363636364,False,35.90578512396694,104.13876033057852,101.87047007530872,-2.268290255269804,-3.8450917970361047,-3.593564363955082
690544,"Horn, Bailey",2024,SI,0.18303571428571427,115.93863636363636,False,41.55082508250825,105.6946357615894,109.87937499999998,4.184739238410586,1.8431545648060563,10.782096736045418
690916,"Fitts, Richard",2024,SI,0.08707482993197278,95.20937499999998,False,54.1436305732484,98.210064516129,102.13012689622344,3.92006238009445,-0.6007221790633253,0.027930956044755817
694973,"Skenes, Paul",2024,SI,0.08742075408742075,113.97283154121862,False,23.302541176470587,108.49213714285712,110.12291917167666,1.6307820288195387,1.9887064643572216,5.859142032636697
701581,"Festa, David",2024,SI,0.12018140589569161,91.73363636363636,False,56.38098271155596,96.72889408926804,89.16985325931141,-7.559040829956629,4.169088055165744,-2.7517507804005987
594902,"Lively, Ben",2024,FC,0.08623087621696801,84.90774193548387,False,37.696739355057424,81.86667778240931,90.49253112033198,8.625853337922663,-0.850283630166345,6.689957537632395
605280,"Holmes, Clay",2024,FC,0.0824891461649783,88.39117903930132,False,49.19897419591508,,99.89106735491116,,,
663903,"Singer, Brady",2024,FC,0.09649122807017543,80.77992753623188,False,27.817869184086312,90.52730834177648,95.043452883263,4.5161445414865256,0.5667753581367947,4.183005527554343
668390,"Winn, Cole",2024,FC,0.18739903069466882,87.17,False,41.06643356643357,101.30804195804193,101.61729032258069,0.30924836453876026,-6.628263929618754,-3.207623956688394
669084,"Hall, DL",2024,FC,0.17006802721088435,85.84686274509805,True,43.27902813299232,89.34888002232452,92.37982416500026,3.030944142675736,-2.968429316792154,3.041846978470062
669358,"Baz, Shane",2024,FC,0.1485183862906105,101.88985,False,38.308457711442784,102.28147963424772,105.22368878082668,2.9422091465789606,5.086236013532286,6.965085480117011
669372,"Ginn, J.T.",2024,FC,0.13523809523809524,76.37598130841121,False,41.67281553398058,93.27884623903228,97.45207309568224,4.173226856649961,-2.891045699495237,4.566162574643727
669422,"Sauer, Matt",2024,FC,0.318359375,98.52257668711655,False,44.56788990825688,,,,,
677958,"Rocker, Kumar",2024,FC,0.2546583850931677,97.07846153846154,False,34.03394495412844,97.01327188940093,94.693091231178,-2.320180658222924,-7.104328776740516,-9.674591029131477
678394,"Bello, Brayan",2024,FC,0.16052913836253127,92.1374940898345,False,28.24853823004633,97.39766444937176,93.33954387676404,-4.05812057260772,-4.0927422605419395,-9.06860002718038
680736,"Wrobleski, Justin",2024,FC,0.15018315018315018,97.17753246753249,True,41.017398648648644,100.3270888074073,101.43301881545794,1.1059300080506347,12.360527276086785,11.876240622772556
682990,"Priester, Quinn",2024,FC,0.20218800648298219,87.27678571428571,False,42.55576341919733,91.48443884172752,96.07907954851764,4.594640706790116,0.16798577342875376,3.826364145104435
688297,"Roycroft, Chris",2024,FC,0.21204819277108433,113.41,False,21.13305369127517,,101.18024570024568,,,
694297,"Pfaadt, Brandon",2024,FC,0.08807402330363262,92.8055172413793,False,27.745219865207773,102.97356527977048,96.73886714727084,-6.234698132499645,-2.444922186251617,-6.782294170839478
606160,"Montero, Rafael",2024,FS,0.4660633484162896,90.9295294117647,False,34.45275308043953,101.55635862068964,95.7021040767446,-5.854254543945032,16.99354983808597,12.613913887525399
622554,"Domínguez, Seranthony",2024,FS,0.16621253405994552,115.49398907103826,False,29.47295468189747,117.96256639315948,111.94615474029531,-6.016411652864164,-15.687480239064726,-19.201129962929087
650893,"Cabrera, Génesis",2024,FS,0.13333333333333333,112.75849462365592,False,45.00737864077671,110.26926213592232,102.70206239275484,-7.567199743167478,11.094452897818911,4.531431909482521
668964,"Myers, Tobias",2024,FS,0.14891041162227603,113.21379844961238,False,60.54166419595411,91.22824772142384,98.3239346149235,7.095686893499661,-2.5601307382650162,4.375711353240092
671212,"Boyle, Joe",2024,FS,0.16274089935760172,113.15394736842104,False,48.20292297261832,104.78951654970288,106.14365000633268,1.3541334566297962,4.857647566844037,5.68406509690594
680573,"Woods Richardson, Simeon",2024,FS,0.1027689030883919,92.84620320855616,False,46.94959386281588,90.2422202797203,91.31703437293976,1.0748140932194588,-9.625300732968682,-8.71226398897818
607536,"Freeland, Kyle",2024,SL,0.12933118452860595,105.76073170731706,False,27.283210853589598,89.82730290456433,93.81576583801122,3.9884629334468826,-3.6096253137543783,-1.4449374672566222
615698,"Quantrill, Cal",2024,SL,0.08083832335329341,95.57139393939391,True,45.73088283890506,85.65885636487405,88.3680739526278,2.7092175877537414,3.0677812606276547,2.890043326180887
669022,"Gore, MacKenzie",2024,SL,0.11674946770759403,97.63897280966766,False,47.19218209099752,104.33959719255417,99.52653613385549,-4.813061058698679,0.44380358568891154,-4.541419998689861
641755,"Kinley, Tyler",2024,CU,0.10938775510204081,124.07048979064356,False,44.97128759554616,93.66916949152544,106.2111439480862,12.541974456560766,0.08759843977897219,7.169818254968973
660896,"Alcala, Jorge",2024,CU,0.23062381852551986,119.99598288403936,False,49.19311160910633,106.6913577586207,104.69085838469736,-2.0004993739233328,-1.6504357854973222,-7.456729047032056
669438,"Englert, Mason",2024,CU,0.08425414364640885,91.42760563380284,False,33.12986301369863,92.77399516518936,94.67133603238868,1.8973408671993184,-0.15148675538104328,0.3754409301626964
669713,"Wesneski, Hayden",2024,CU,0.09251968503937008,94.60510638297872,True,49.622418604651166,95.58317178100896,95.93758893280634,0.354417151797378,5.744999351698979,3.8894274846615815
690916,"Fitts, Richard",2024,CU,0.10612244897959183,102.0628576248313,False,54.1436305732484,98.210064516129,102.13012689622344,3.92006238009445,-0.6007221790633253,0.027930956044755817
676661,"Lazar, Max",2024,KC,0.19504643962848298,92.0326627218935,False,55.65934579439252,81.51635514018692,,,,
592662,"Ray, Robbie",2024,CH,0.1300097751710655,86.70230576441107,False,46.87693661971831,104.96615929203536,100.31404769683108,-4.652111595204275,11.77993473126078,7.688901654557995
592779,"Stewart, Brock",2024,CH,0.10491803278688525,89.48212121212121,False,27.3410447761194,115.82973977695168,109.64459749061268,-6.185142286339001,11.316180876575316,4.5116159560889315
605280,"Holmes, Clay",2024,CH,0.15629522431259044,93.85125,False,49.19897419591508,,99.89106735491116,,,
657514,"Bernardino, Brennan",2024,CH,0.12484993997599039,75.83788461538462,False,18.38323144280968,104.97522575735957,94.54652436038197,-10.428701396977601,0.2604163028007349,-8.17532173119693
669387,"Mlodzinski, Carmen",2024,CH,0.13357619914996965,,True,26.359699769053123,105.1495818458102,,,,
681676,"Fernandez, Ryan",2024,CH,0.08103130755064457,96.3504761904762,False,52.64554621848739,103.054359832636,98.08632575757576,-4.968034075060231,0.3335501775072345,-3.5440642829973115
682847,"Ortiz, Luis L.",2024,CH,0.12591605596269154,93.069793814433,False,21.769528698086795,98.0604730290288,99.54547396528709,1.485000936258288,-2.9652423877228955,-1.2597162411046838
643410,"Leiter Jr., Mark",2025,FF,0.10975609756097561,83.545625,False,50.1005512185794,93.58472858866102,91.80252707581228,-1.7822015128487436,1.1478784843641847,-2.848942051011747
656234,"Bird, Jake",2025,FF,0.10381679389312977,103.56224719101124,False,17.67576725581415,116.04193174270507,110.66670186584253,-5.375229876862548,-8.39086342912276,-11.21555594024818
663893,"Little, Brendon",2025,FF,0.10365853658536585,77.69828571428572,False,33.4038470139225,109.49214285714288,111.37268292682926,1.8805400696863757,-3.0115778428888262,-1.2686613082039315
669372,"Ginn, J.T.",2025,FF,0.11353919239904989,80.80902953586497,False,44.54413180784841,97.45207309568224,92.69665417674028,-4.755418918941956,-4.491262119911681,-10.196719117192643
682989,"Mederos, Victor",2025,FF,0.2415902140672783,102.48556962025316,False,23.213694267515926,97.7808280254777,103.07426865671638,5.293440631238681,4.455780777640484,6.304208194695363
687931,"Whisenhunt, Carson",2025,FF,0.3510204081632653,89.01569767441859,False,48.01056888856924,91.33700499168054,94.60549098196392,3.2684859902833807,3.546892653860155,10.79191407773952
592662,"Ray, Robbie",2025,SI,0.12561466249441217,85.59737373737373,False,45.693476725046864,100.31404769683108,94.64427943254266,-5.669768264288422,-6.410381959963985,-9.932099477175015
592773,"Stanek, Ryne",2025,SI,0.10129564193168433,103.6505617977528,False,49.53508505977568,115.45148775894543,109.324064665127,-6.127423093818436,-3.899654014604863,-8.340913958151205
640455,"Manaea, Sean",2025,SI,0.20031712473572938,97.03509234828496,False,15.642145691668489,110.10775399162178,103.31214611322136,-6.795607878400418,-4.026903093026547,-9.75340458666048
656240,"Blewett, Scott",2025,SI,0.1141552511415525,89.06000000000002,False,45.018812715140186,85.0389812746477,90.71318845756927,5.674207182921577,-2.385086894196121,2.1350510156516407
656288,"Canning, Griffin",2025,SI,0.09644268774703557,95.64048,False,42.390395348702334,90.2539407407407,90.88385856889354,0.6299178281528413,-2.400758441854151,-1.9200502557206391
656550,"Holmes, Grant",2025,SI,0.11728395061728394,83.18613333333334,False,38.78325544966572,92.16273771368768,87.57450974935223,-4.588227964335445,0.7110322517189189,-3.137060136001338
661395,"Duran, Jhoan",2025,SI,0.12326869806094183,,False,33.200999761162876,128.41349211370724,121.80531211750312,-6.608179996204115,-2.6766386298810687,-7.843756628301151
661563,"Gil, Luis",2025,SI,0.13353115727002968,93.72,False,34.60862201761099,97.5492037228542,96.66202985074626,-0.8871738721079367,-9.401400669866803,-9.267338714905264
663878,"Pearson, Nate",2025,SI,0.12153518123667377,102.29300000000002,False,40.26305689102564,100.5389247311828,105.40923295152312,4.87030822034032,-1.5378096429612214,2.382649490226939
666171,"Zeferjahn, Ryan",2025,SI,0.14365671641791045,99.81571428571424,False,37.24878759091287,111.43586174312604,116.5701254381954,5.1342636950693645,-0.8163181637671357,5.155911323824185
669020,"Rolison, Ryan",2025,SI,0.08842652795838751,111.9780737704918,False,46.26600014476029,95.5978132207026,102.61048358450418,7.0126703638015755,6.251368192647121,12.08999670759114
671212,"Boyle, Joe",2025,SI,0.1873198847262248,109.89907692307692,False,32.20338401636594,106.14365000633268,108.73224607871174,2.5885960723790618,-1.826951232168426,2.494709738170698
676962,"Brown, Ben",2025,SI,0.2061752988047809,100.45777777777776,False,44.97373647233403,98.89486328606075,101.53432376805073,2.639460481989971,0.08732840542153042,1.8995439385892894
678606,"Ferrer, José A.",2025,SI,0.5052264808362369,126.82847341337909,False,32.08818406633557,122.26729235880391,126.72842751842744,4.461135159623524,-3.9190987861918245,0.27530426832738897
682254,"Montgomery, Mason",2025,SI,0.1248513674197384,107.16780952380957,False,52.62994171119021,122.70433255269316,111.01634198062652,-11.687990572066639,14.668084812283837,5.577011688205616
683232,"Mears, Nick",2025,SI,0.11730205278592376,88.96829268292682,False,55.505910751285384,100.51215219976226,99.76418879056048,-0.7479634092017733,-11.429735004331846,-10.602813619128796
686580,"Slaten, Justin",2025,SI,0.12598425196850394,93.37199999999996,False,50.951649058023385,107.22164658634544,107.63209486166,0.4104482753145504,-0.033204438306611905,-2.0733874628950417
687064,"Young, Brandon",2025,SI,0.13483764446890478,90.85207843137256,False,48.8352909936418,94.54866879659212,97.30748936170212,2.7588205651099997,3.0686409942673123,2.66369773185599
687396,"Headrick, Brent",2025,SI,0.10020242914979757,107.4369387755102,False,43.225804997307094,108.89391780821916,104.18899481865289,-4.7049229895662705,0.7303788771382642,-0.8565536233941202
688642,"Agnos, Zach",2025,SI,0.13096270598438856,86.61453333333334,False,40.61867172675522,,,,,
689266,"Dodd, Dylan",2025,SI,0.6049382716049383,112.29639257294431,False,37.04930090220937,102.58038674033146,107.45641693811076,4.876030197779301,0.5285559774686419,5.723349829935003
690928,"Dobbins, Hunter",2025,SI,0.12763466042154567,97.61688073394495,False,49.16695087149395,96.54877157727944,96.34938659557751,-0.1993849817019253,-5.966543633682605,-6.803915716456501
691587,"Pérez, Eury",2025,SI,0.15955845459106874,105.5219335347432,False,30.215253757466275,115.3109700598802,115.20961364776716,-0.10135641211304858,-4.501090228975002,-3.165552842133181
691799,"Taylor, Grant",2025,SI,0.09923664122137404,108.2158490566038,False,58.210474973933216,115.99155878384197,106.5855626921182,-9.405996091723765,10.624770200545612,-1.2347058742096522
801139,"Tolle, Payton",2025,SI,0.21748754842280021,100.74835579514824,False,32.99512425622623,115.68032363222056,114.41501758499416,-1.265306047226403,8.31129134837036,5.42736605159196
806960,"Morales, Luis",2025,SI,0.1069364161849711,95.7523076923077,False,39.0890017570542,97.78524310910208,98.30641618497113,0.5211730758690436,-20.540289457177394,-19.892876604920104
471911,"Carrasco, Carlos",2025,FC,0.17391304347826086,81.53105263157894,False,34.56153679147201,80.34502146872649,81.56479674796749,1.2197752792410057,6.246814757955363,3.15757070394082
573124,"Rogers, Taylor",2025,FC,0.12560386473429952,93.02579439252337,False,29.36837255545636,108.8897767322943,105.97817958179584,-2.9115971504984515,0.2502410151083012,-0.9174155965801134
579328,"Kikuchi, Yusei",2025,FC,0.16225749559082892,75.73230769230769,False,36.35245638667444,97.96501128668166,,,,
607481,"Bummer, Aaron",2025,FC,0.10060975609756098,91.53757575757577,False,10.738113474651076,,103.5620569881964,,,
622608,"Senzatela, Antonio",2025,FC,0.3048245614035088,112.41272727272724,False,42.86021450657772,85.32941357812041,103.25399321968231,17.924579641561905,1.21035188954545,14.594313126992361
645261,"Alcantara, Sandy",2025,FC,0.11712062256809339,102.29957333333331,False,31.81653301260904,104.26166608816376,100.56770132916344,-3.6939647590003233,-1.7950695003986965,-3.0789833393897226
647336,"Soroka, Michael",2025,FC,0.11825726141078838,93.02341176470588,False,32.89202484482042,95.48562465685092,94.16581314878889,-1.3198115080620312,8.721275904723612,7.180758492889453
656240,"Blewett, Scott",2025,FC,0.2694063926940639,81.31098591549296,False,45.018812715140186,85.0389812746477,90.71318845756927,5.674207182921577,-2.385086894196121,2.1350510156516407
663158,"Suarez, Robert",2025,FC,0.11416490486257928,99.52753623188408,False,44.70930319055558,107.36421052631582,108.69440860215056,1.330198075834744,-4.487994995978909,-1.5534698716230935
664199,"Clarke, Taylor",2025,FC,0.16792929292929293,80.4318918918919,False,44.32162648127817,95.91425742574263,91.59077905491696,-4.3234783708256685,9.896813651480059,8.356135857263794
669432,"Rogers, Trevor",2025,FC,0.10511627906976745,101.83860696517414,False,21.88932241534848,96.80145320197042,101.59162451361868,4.790171311648265,0.8205528454505924,3.189690536888321
676106,"Hancock, Emerson",2025,FC,0.11201143946615824,100.07842794759824,False,19.227459726681023,90.03851527819174,100.90546000000003,10.866944721808295,6.121666765478238,13.450989165979479
682989,"Mederos, Victor",2025,FC,0.4954128440366973,102.8904761904762,False,23.213694267515926,97.7808280254777,103.07426865671638,5.293440631238681,4.455780777640484,6.304208194695363
683004,"Leiter, Jack",2025,FC,0.09735146743020759,86.4058394160584,False,45.54097591525981,103.6152664092664,102.34816618911177,-1.2671002201546315,0.1795625117544688,-0.7253618833732816
687075,"Sproat, Brandon",2025,FC,0.21703134240094618,98.67510989010992,False,33.3806161288284,106.6176551724138,100.28593218367992,-6.331722988733887,8.172260891025985,3.3443176967162884
693821,"Elder, Bryce",2025,FC,0.1512360639844886,81.82166666666669,False,51.64862522834175,91.9742594810379,84.64068192888458,-7.333577552153329,1.0407798373054362,-5.082902430890783
805299,"Garcia, Brandyn",2025,FC,0.11646586345381527,90.65705263157896,False,14.912549411734151,108.29415162454872,115.70099999999998,7.406848375451261,11.34583074146066,17.04663843376845
815083,"Farris, Mitch",2025,FC,0.13797634691195795,77.09132075471699,False,44.18038058663515,87.64965346534653,92.95941798941794,5.3097645240714115,-4.373305306721136,-0.03053329142436212
579328,"Kikuchi, Yusei",2025,FS,0.1128747795414462,105.09761904761903,False,36.35245638667444,97.96501128668166,,,,
605452,"Ross, Joe",2025,FS,0.15609756097560976,79.78714285714287,False,34.50370391887533,91.75849618628176,,,,
664854,"Helsley, Ryan",2025,FS,0.12087912087912088,111.08242424242424,False,62.23627634071067,122.60901346721607,120.630989010989,-1.9780244562270752,-8.668325947533788,-6.8329298500822375
669387,"Mlodzinski, Carmen",2025,FS,0.25899705014749264,98.30471111111112,False,29.897368846098008,,92.00940323429089,,,
571927,"Matz, Steven",2025,SL,0.09115770282588878,102.33852678571432,False,34.56932818732065,103.76432585514472,99.43935226546574,-4.324973589678976,-6.387826864233105,-7.141976491801401
608650,"Enns, Dietrich",2025,SL,0.09278350515463918,101.99481481481484,False,49.03724539537348,108.27621285514444,99.82560553633216,-8.450607318812274,-16.819713957531192,-22.952256884321287
656848,"Petersen, Michael",2025,SL,0.24040632054176073,117.46380952380947,False,48.8627805360628,110.22394152754912,112.23404735062005,2.01010582307093,0.9567941582603936,2.69645387731191
663893,"Little, Brendon",2025,SL,0.27134146341463417,100.64425531914893,False,33.4038470139225,109.49214285714288,111.37268292682926,1.8805400696863757,-3.0115778428888262,-1.2686613082039315
669371,"Henry, Cole",2025,SL,0.3475177304964539,110.214693877551,False,22.945236508017345,109.97622720897614,96.01800711743772,-13.958220091538422,-2.771406567408519,-15.876972493548877
669620,"Basso, Brady",2025,SL,0.13230769230769232,105.60054794520548,False,52.82788021914236,93.8802912621359,99.13283628163369,5.252545019497788,0.4086232158278449,5.413549296596955
676917,"Cavalli, Cade",2025,SL,0.14532565352237484,115.0653472222222,False,43.49231229958774,104.21094944512949,102.0740894993354,-2.136859945794086,-0.008391932592687112,-4.836446326458201
679883,"Avila, Luinder",2025,SL,0.23124516627996908,104.39718970814133,False,51.53894390353765,105.0881860465116,100.31001476694966,-4.778171279561931,-9.303398081511716,-10.396359500656231
801403,"Dollander, Chase",2025,SL,0.19784656796769853,118.93108108108108,False,26.069193716634455,97.4082359550562,109.85190442910591,12.443668474049716,-2.867922597093184,8.066560603775613
605280,"Holmes, Clay",2025,CU,0.08077709611451943,129.75240506329112,False,43.81373690585968,99.89106735491116,100.01855378476591,0.12748642985475556,0.2085150915851557,-2.801850504808584
643377,"Jax, Griffin",2025,CU,0.09557774607703282,118.25210778885196,False,43.225842006247476,116.30774097565022,104.19790256646502,-12.109838409185201,-1.7086099232342207,-11.690893678887022
669199,"Bachar, Lake",2025,CU,0.16386182462356066,108.76300727698488,False,35.973132661049505,101.3792475940507,98.0576393195495,-3.3216082745012017,-0.18749041718653814,-2.9710406483256833
670059,"Holderman, Colin",2025,CU,0.11027568922305764,133.0111904761905,False,29.993760000221112,108.05772819472622,108.04860495436763,-0.009123240358590579,-0.6400700286409204,-2.270835345422597
672335,"Pérez, Cionel",2025,CU,0.1777150916784203,109.24411672863648,False,38.03193245184449,105.40629711751669,106.08847871043858,0.6821815929218928,16.021880369557195,17.619605946533454
679358,"Orze, Eric",2025,CU,0.09714285714285714,84.42666666666665,False,45.679225915637566,,95.9452380952381,,,
682254,"Montgomery, Mason",2025,CU,0.14982164090368608,122.25005320678744,False,52.62994171119021,122.70433255269316,111.01634198062652,-11.687990572066639,14.668084812283837,5.577011688205616
607192,"Glasnow, Tyler",2025,KC,0.1018363939899833,92.33795275590552,False,55.67567746060251,101.28198917456024,103.9933779264214,2.711388751861165,5.616288983123681,4.014332619783559
657746,"Ryan, Joe",2025,KC,0.11494252873563218,121.6588429752066,False,25.261313553141164,107.95231914940824,106.54414414414413,-1.4081750052641127,3.951468437985355,2.324700749379005
680732,"Burke, Sean",2025,KC,0.2047872340425532,86.00121212121212,False,42.40533787100755,92.37884689134576,99.31696986307291,6.938122971727154,0.5801180368081162,3.2702223097908387
607067,"Rea, Colin",2025,CH,0.08452041785375118,95.14421333333334,False,30.380953227037086,93.05188545787752,93.57138581625152,0.5195003583740032,-3.1269418728656717,-1.2315055145332678
621381,"Strahm, Matt",2025,CH,0.11374407582938388,88.83027777777777,False,30.828710668109217,109.77376387487384,103.86228934817171,-5.911474526702122,-1.2574780015369242,-4.166440508294755
656302,"Cease, Dylan",2025,CH,0.11726117261172611,109.43167286245352,False,50.95083319715362,107.69750491159137,106.81490179333905,-0.8826031182523195,-2.3073159642237613,-2.328109631528662
656848,"Petersen, Michael",2025,CH,0.12076749435665914,98.53065420560746,False,48.8627805360628,110.22394152754912,112.23404735062005,2.01010582307093,0.9567941582603936,2.69645387731191
656876,"Rasmussen, Drew",2025,CH,0.12230576441102757,110.51497942386833,False,55.07167614334031,107.86580449826988,109.04625125628144,1.1804467580115556,3.265662308080195,4.320816661160393
672282,"Detmers, Reid",2025,CH,0.097444781290602,101.17646017699111,False,46.623943377911736,114.76621004566216,104.25420051858254,-10.512009527079627,-2.8390991976573616,-13.4880906374934
677865,"Bruihl, Justin",2025,CH,0.09699321047526673,89.34857142857143,False,29.59649001010711,108.16310502283103,101.6257931034483,-6.537311919382731,-8.533244528420752,-13.760150437501395
678606,"Ferrer, José A.",2025,CH,0.10220673635307782,120.48840579710146,False,32.08818406633557,122.26729235880391,126.72842751842744,4.461135159623524,-3.9190987861918245,0.27530426832738897
681895,"Sisk, Evan",2025,CH,0.08748317631224764,90.3041791044776,False,16.321108813042212,104.138414419298,105.26134952766532,1.1229351083673151,4.782676607182964,4.053255226215896
683232,"Mears, Nick",2025,CH,0.10557184750733138,130.5061111111111,False,55.505910751285384,100.51215219976226,99.76418879056048,-0.7479634092017733,-11.429735004331846,-10.602813619128796
687330,"Kelly, Kevin",2025,CH,0.2658569500674764,107.88357894736842,False,3.618514439678186,103.9113322091062,114.87621399176956,10.964881782663355,-8.025318519443772,2.394812871706236
687765,"Spence, Mitch",2025,CH,0.085,70.08000000000001,False,43.85992058443971,95.42883895528011,89.51040399999998,-5.918434955280134,-16.996229466884117,-19.760503345062958
689254,"Fluharty, Mason",2025,CH,0.10131108462455304,93.91536585365851,False,32.59272993489172,106.6536214953271,105.49543616135834,-1.1581853339687598,-3.9023156921297613,-1.9494290141880413
