pitcher,player_name,game_year,n,arm_angle,release_z,stuff,locp,pit,fb_VAA,n_next,arm_angle_next,release_z_next,stuff_next,locp_next,pit_next,fb_VAA_next,d_slot,d_stuff,d_loc,d_pit,d_fb_VAA
671212,"Boyle, Joe",2024,966.0,48.20292297261832,6.22483436853002,104.78951654970288,82.730869320779,89.59340810704448,-5.037620038626829,934.0,32.20338401636594,5.814593147751606,106.14365000633268,87.58851688762303,95.27747320395042,-4.625965387646957,-15.99953895625238,1.3541334566297962,4.857647566844037,5.68406509690594,0.4116546509798722
694361,"Klein, Will",2025,305.0,53.88568636281751,5.8878360655737705,102.77375375375377,100.45429429429429,104.56390390390396,-4.2238585238121376,783.0,42.760640683643445,5.522145593869732,94.8598626088162,103.51044896514036,101.09063638672733,-4.265607539410393,-11.125045679174065,-7.9138911449375655,3.0561546708460696,-3.4732675171766374,-0.04174901559825539
676974,"Meyer, Max",2024,968.0,46.08812884393619,5.815454545454545,88.09427094105482,99.7983247156153,93.52701137538776,-5.0145108835427585,1039.0,36.74809140982293,5.628488931665062,97.33934362934365,106.09984555984556,107.22816602316604,-4.5729139959200324,-9.340037434113256,9.245072688288829,6.301520844230268,13.701154647778282,0.4415968876227261
621363,"Poche, Colin",2024,543.0,64.99834254143646,6.288563535911601,94.3092421441774,100.458853974122,98.67160813308683,-5.1850800520336575,244.0,55.66803278688525,6.161516393442623,,,,-4.860916011006971,-9.330309754551209,,,,0.3241640410266866
445276,"Jansen, Kenley",2024,801.0,61.81073657927592,6.488501872659176,120.06796482412057,97.02386934673362,113.70479899497488,-5.676693183352124,869.0,52.65142979193754,6.3412543153049485,114.71112849162007,102.05982122905029,115.16677094972064,-5.3039455754337,-9.15930678733838,-5.356836332500492,5.035951882316667,1.4619719547457635,0.37274760791842354
506433,"Darvish, Yu",2024,1189.0,39.885365853658534,5.602607232968881,99.765577689243,100.96188047808764,100.68731474103586,-4.578301559796847,1157.0,31.341572790350337,5.333949870354365,99.12126297577856,100.00010380622834,99.50906574394465,-5.607515480585504,-8.543793063308197,-0.6443147134644391,-0.9617766718592975,-1.1782489970912167,-1.0292139207886573
671106,"Allen, Logan",2024,1665.0,44.5884149723494,5.376204204204203,92.5381456953642,92.50472004816376,84.12225165562914,-4.501565005996955,2709.0,36.212124088094036,5.236655592469545,91.5388245354073,99.501899847369,91.9537140504323,-4.303389878037913,-8.376290884255361,-0.9993211599568923,6.997179799205242,7.831462394803154,0.19817512795904246
694363,"Shuster, Jared",2024,1290.0,39.73348837209303,5.553232558139535,85.0093953488372,103.91395348837212,92.01711627906975,-4.844994687558543,280.0,31.421814067536758,5.364535714285714,92.27584004495225,104.78413560591872,98.47983267777984,-4.730781018807361,-8.31167430455627,7.266444696115045,0.8701821175466051,6.462716398710086,0.11421366875118188
676106,"Hancock, Emerson",2024,1014.0,27.464762224209895,5.568727810650888,90.86609779482264,98.53050814956856,90.6531735378715,-4.773775886572462,1439.0,19.227459726681023,5.380361362056984,90.03851527819174,99.7707632345218,87.85030083402049,-5.662075052054123,-8.237302497528873,-0.8275825166308977,1.2402550849532332,-2.8028727038510084,-0.8882991654816612
681347,"Burrows, Mike",2025,1537.0,47.779361005643864,6.124248536109304,94.64758896999552,101.0251375520648,97.56943260299904,-4.7534662631242375,1567.0,39.55666662299516,5.945379706445437,93.7619624861601,98.00576641077288,92.72805361921534,-4.662829083590148,-8.222694382648704,-0.8856264838354235,-3.019371141291927,-4.841378983783699,0.0906371795340899
676106,"Hancock, Emerson",2025,1439.0,19.227459726681023,5.380361362056984,90.03851527819174,99.7707632345218,87.85030083402049,-5.662075052054123,2098.0,11.336577948711975,5.039037178265014,100.90546000000003,105.89243000000003,101.30128999999997,-4.501418781708983,-7.890881777969048,10.866944721808295,6.121666765478238,13.450989165979479,1.1606562703451404
672782,"Gómez, Yoendrys",2024,214.0,41.58644859813084,5.505981308411215,91.13355140186913,99.92710280373832,97.08037383177572,-4.810848028817442,1099.0,33.75201527130603,5.541756141947225,97.11367446670008,90.67376713747092,88.16509135541506,-4.386804552495907,-7.834433326824815,5.9801230648309485,-9.253335666267404,-8.915282476360659,0.4240434763215344
621112,"Blackburn, Paul",2024,1212.0,49.58448844884488,6.042541254125412,88.31516358106121,109.56946949045512,101.88699914650088,-6.454786843610709,666.0,41.933921880528096,5.859174174174174,93.94594650958936,106.45174247368357,101.416696341501,-6.509707381333726,-7.650566568316783,5.6307829285281485,-3.1177270167715534,-0.4703028049998892,-0.054920537723017304
669674,"Long, Sam",2024,702.0,55.817806267806276,6.016467236467236,100.94361031518623,94.74994269340978,95.05696275071632,-4.887225877411041,786.0,48.573497415336334,5.875648854961832,97.32252206809584,95.04459016393436,92.25228247162671,-4.921467489303272,-7.244308852469942,-3.6210882470903982,0.2946474705245805,-2.8046802790896095,-0.03424161189223174
640455,"Manaea, Sean",2024,2996.0,22.76450388041617,5.4403871829105475,98.31765840220386,97.18008815426998,94.04826446280988,-4.441313952108124,1178.0,15.642145691668489,5.123166383701188,110.10775399162178,100.99319816314606,105.97532093864584,-4.626983746303353,-7.122358188747683,11.790095589417916,3.8131100088760803,11.927056475835954,-0.18566979419522944
669923,"Kirby, George",2024,2966.0,36.63597437626433,5.866780175320296,104.14894967916244,109.90483620398516,112.03644714623438,-4.348773856337712,2086.0,29.536786205237952,5.657147651006712,99.10016121384538,111.8406448553817,109.64350877192982,-4.201569669246573,-7.099188171026377,-5.04878846531706,1.9358086513965418,-2.3929383743045634,0.14720418709113936
676917,"Cavalli, Cade",2025,788.0,43.49231229958774,6.180203045685279,104.21094944512949,97.49908754623917,102.9493218249075,-4.985726481954513,2257.0,36.47110854569186,5.993619849357554,102.0740894993354,97.49069561364648,98.1128754984493,-5.15120218209661,-7.021203753895875,-2.136859945794086,-0.008391932592687112,-4.836446326458201,-0.165475700142097
666142,"Ragans, Cole",2024,3118.0,45.12379730596536,6.335323925593329,109.89063665594854,99.33703536977497,109.7062958199356,-5.196476197115204,1079.0,38.22363299351251,6.1652734012974975,112.05238361266296,101.78150837988828,111.52201117318435,-4.729440243366774,-6.900164312452851,2.161746956714424,2.444473010113313,1.8157153532487484,0.46703595374842966
677960,"Weathers, Ryan",2025,642.0,39.70306997251814,5.7301246105919,104.18443750000002,105.39221875000004,108.50321875,-4.905012696602744,2208.0,32.80628066078157,5.446616847826087,102.65842033590556,107.72769859282802,109.49297321833862,-4.494447553021007,-6.896789311736576,-1.5260171640944549,2.3354798428279793,0.9897544683386172,0.4105651435817368
666200,"Luzardo, Jesús",2024,1083.0,39.29593721144968,5.975401662049862,99.1415512465374,97.69697137580792,98.32930747922438,-5.110003578984201,3013.0,32.45065318622275,5.8142914039163625,105.83230820325475,108.98150116240453,112.9645034872136,-4.765190513587276,-6.845284025226931,6.690756956717351,11.284529786596607,14.635196007989222,0.3448130653969246
701581,"Festa, David",2024,1099.0,56.38098271155596,6.154649681528662,96.72889408926804,102.15789389981296,102.73931491972172,-4.916287059026693,882.0,49.7668923561606,6.004852607709751,89.16985325931141,106.3269819549787,99.98756413932112,-4.890958736210744,-6.614090355395362,-7.559040829956629,4.169088055165744,-2.7517507804005987,0.0253283228159491
687064,"Young, Brandon",2025,939.0,48.8352909936418,6.023248136315229,94.54866879659212,102.2774653887114,98.68413205537804,-4.730608458779375,1817.0,42.280240530406736,5.993472757292239,97.30748936170212,105.34610638297872,101.34782978723403,-4.493093606514767,-6.555050463235062,2.7588205651099997,3.0686409942673123,2.66369773185599,0.23751485226460733
676534,"Faucher, Calvin",2024,987.0,50.01337386018237,6.000577507598784,100.34763358778636,94.10016793893128,93.25247328244278,-7.218192493178466,1054.0,43.596977377892834,5.811650853889943,107.36558178752108,102.5656661045531,108.37150084317032,-6.716801829055414,-6.416396482289535,7.017948199734718,8.465498165621824,15.119027560727545,0.5013906641230523
680880,"Holman, Grant",2024,292.0,46.11472602739726,6.154041095890411,89.02226804123711,86.86006872852236,78.90969072164948,-5.053292509231847,375.0,39.78626032324583,6.003146666666668,91.66320980118591,96.73126525985349,93.2854163760028,-4.946179828705049,-6.328465704151434,2.6409417599488023,9.871196531331123,14.375725654353317,0.10711268052679745
686790,"McDonald, Trevor",2025,212.0,33.65932863189182,5.349669811320755,97.82413714932407,108.16063870984854,108.1668246111951,-5.813573844415369,1137.0,27.499477027977196,5.062770448548813,99.1372261484099,100.5137102473498,99.39911660777383,-5.827922690802036,-6.159851603914621,1.3130889990858208,-7.646928462498735,-8.767708003421262,-0.014348846386667446
696270,"Johnson, Ryan",2025,274.0,24.706934306569345,5.7952919708029205,100.64315789473685,102.77557894736844,100.41045614035087,-6.382351303559009,1087.0,18.59451425164272,5.702272309107636,92.3046035255364,91.9750195306704,84.7367018948274,-6.040730678289385,-6.112420054926623,-8.338554369200452,-10.80055941669805,-15.673754245523469,0.34162062526962433
669060,"Wilson, Bryse",2024,1643.0,45.77293699566097,5.788880097382837,101.70631523844796,98.04629843185336,98.09422541610432,-6.329301863036514,854.0,39.67436912425742,5.808934426229508,91.95841787505302,98.48945017604548,92.4017770096562,-5.7719181471906325,-6.098567871403553,-9.74789736339494,0.44315174419212155,-5.692448406448122,0.5573837158458819
647336,"Soroka, Michael",2025,1527.0,32.89202484482042,5.77931892599869,95.48562465685092,97.02684866275042,90.74451486351192,-4.644887810589364,1446.0,26.901657287515278,5.524578146611341,94.16581314878889,105.74812456747404,97.92527335640138,-4.319949528818239,-5.990367557305142,-1.3198115080620312,8.721275904723612,7.180758492889453,0.32493828177112505
657571,"Ferguson, Caleb",2025,1042.0,45.32810813534906,5.897869481765835,106.08511376620493,99.68090844787812,103.70204191412668,-4.816080230198385,518.0,39.374336747116665,5.621196911196912,104.69430212475402,95.10405058842429,96.84243754267584,-5.726924068854213,-5.953771388232397,-1.3908116414509095,-4.576857859453838,-6.859604371450843,-0.9108438386558282
671212,"Boyle, Joe",2025,934.0,32.20338401636594,5.814593147751606,106.14365000633268,87.58851688762303,95.27747320395042,-4.625965387646957,347.0,26.295965824142485,5.66086455331412,108.73224607871174,85.7615656554546,97.77218294212112,-4.315554229695288,-5.907418192223453,2.5885960723790618,-1.826951232168426,2.494709738170698,0.31041115795166885
665795,"Cabrera, Edward",2024,1734.0,42.003575547866205,6.1519723183391015,98.72482400461624,95.0259896133872,95.87187536064624,-5.129169746409255,2252.0,36.10460296140335,6.0435168738898755,103.93431878895817,101.9955298308103,105.90121994657166,-5.486888379767784,-5.898972586462854,5.209494784341928,6.969540217423102,10.029344585925415,-0.3577186333585285
621199,"Bowman, Matt",2024,497.0,36.192957746478875,5.732414486921529,106.26896455657018,99.17866493076106,108.43290421260596,-6.061243745461129,447.0,30.343237196928474,5.575346756152125,101.78008968609866,97.00869955156946,98.25085201793723,-6.095086541236916,-5.849720549550401,-4.48887487047152,-2.169965379191595,-10.182052194668728,-0.03384279577578653
621237,"Alvarado, José",2024,1052.0,65.14673550528501,6.652728136882129,111.1990648854962,96.83379770992364,113.97958015267167,-5.7638851689799075,478.0,59.31485009599332,6.494309623430961,120.35251101321586,98.61528634361233,125.75180616740086,-5.593159140345993,-5.8318854092916865,9.153446127719661,1.7814886336886815,11.772226014729185,0.17072602863391495
670059,"Holderman, Colin",2025,492.0,29.993760000221112,5.656422764227642,108.05772819472622,94.44340770791077,99.21638945233268,-6.112682697103863,798.0,24.25046937954161,5.412744360902255,108.04860495436763,93.80333767926984,96.94555410691008,-5.65024969509546,-5.7432906206795025,-0.009123240358590579,-0.6400700286409204,-2.270835345422597,0.4624330020084031
674444,"Cruz, Steven",2025,642.0,32.81620225296765,5.629423676012461,101.70222565687791,94.2991962905718,96.32868624420398,-4.359891022739389,731.0,27.078569550976148,5.477606019151847,108.4529126787762,96.47974268300044,102.41805515659884,-4.362943178018134,-5.737632701991501,6.750687021898287,2.1805463924286386,6.0893689123948604,-0.003052155278744806
605130,"Barlow, Scott",2024,1022.0,28.431109962595368,5.270802348336595,102.7869535519126,84.29355191256828,88.10743169398907,-5.051387843829778,1281.0,22.723226247019635,5.2007494145199065,,,,-4.458556945789342,-5.707883715575733,,,,0.592830898040436
676083,"Junk, Janson",2025,1622.0,52.7974033526493,5.773557336621455,96.14113101474842,111.71178104540678,106.41346091166965,-4.708043218868706,1396.0,47.104146893944254,5.654383954154728,99.87044594594596,108.9428108108108,107.86666216216216,-4.47617000132231,-5.693256458705044,3.7293149311975355,-2.768970234595983,1.453201250492512,0.23187321754639623
606965,"Devenski, Chris",2024,533.0,43.48930581613509,6.418499061913697,100.67287054409005,93.82,94.66795497185744,-5.075227209471407,262.0,37.83338408725329,6.260458015267176,101.65615754698824,98.27863493489,99.89438963371612,-5.367871172314906,-5.655921728881793,0.9832870028981944,4.45863493489,5.226434661858676,-0.29264396284349914
801139,"Tolle, Payton",2025,304.0,32.99512425622623,5.551546052631579,115.68032363222056,90.9226476903166,105.8452716975288,-4.387854354527829,1807.0,27.36790476541228,5.466236856668512,114.41501758499416,99.23393903868696,111.27263774912076,-4.2841331289438065,-5.627219490813946,-1.265306047226403,8.31129134837036,5.42736605159196,0.10372122558402275
683409,"Chivilli, Angel",2024,512.0,40.0642578125,5.9246875,85.24438016528923,98.37457300275484,86.22573002754821,-5.511012478857753,1022.0,34.52320228001512,5.788326810176125,94.4270127326151,101.14818805093046,97.58783545543588,-5.556191628350926,-5.541055532484883,9.182632567325868,2.773615048175614,11.36210542788767,-0.045179149493173476
579328,"Kikuchi, Yusei",2024,2923.0,41.85384878549436,5.426712281902155,103.91337339323512,106.31497119784622,110.27727834192368,-4.195231941201533,3191.0,36.35245638667444,5.387141961767471,97.96501128668166,105.3008577878104,105.32774588842298,-4.407218316182711,-5.501392398819917,-5.948362106553461,-1.0141134100358187,-4.949532453500694,-0.21198637498117812
672282,"Detmers, Reid",2025,1083.0,46.623943377911736,6.061606648199446,114.76621004566216,111.321899543379,122.89598173515978,-4.38302897804986,2309.0,41.18956263555448,6.018536162841056,104.25420051858254,108.48280034572164,109.40789109766638,-4.795270938016306,-5.434380742357256,-10.512009527079627,-2.8390991976573616,-13.4880906374934,-0.41224195996644575
605280,"Holmes, Clay",2024,1085.0,49.19897419591508,6.576193548387097,,,,-7.24140486291155,2764.0,43.81373690585968,6.466356729377713,99.89106735491116,100.54301645183244,101.93907582395728,-7.250162832578786,-5.3852372900554,,,,-0.008757969667235521
623352,"Hader, Josh",2024,1166.0,34.02168847576778,5.7063893653516296,113.08558899398108,106.37014617368872,119.41007738607044,-4.2539607839116735,847.0,28.707024287502666,5.564783172748424,123.4616666666667,99.78816666666664,117.98140476190471,-4.1012255560623645,-5.314664188265116,10.376077672685625,-6.5819795070220835,-1.4286726241657277,0.15273522784930904
664208,"Maton, Phil",2024,1078.0,31.230328157989373,5.327346938775509,96.60460037277626,99.70857966708496,103.42098922578182,-4.639139350617975,1008.0,25.946355067583927,5.164761904761905,109.91962227598306,95.7636340423882,108.72170438220054,-4.382706380014145,-5.283973090405446,13.315021903206798,-3.944945624696757,5.300715156418718,0.2564329706038295
683232,"Mears, Nick",2024,1028.0,60.786635556170296,6.1640175097276275,108.92502887317217,95.76560748492552,105.96372142056318,-4.901541781514339,863.0,55.505910751285384,6.234206257242178,100.51215219976226,103.1185255648038,101.89762187871584,-4.910870682231049,-5.280724804884912,-8.412876673409912,7.352918079878279,-4.066099541847336,-0.00932890071670922
679885,"Martinez, Justin",2024,1177.0,41.982863044963096,6.251520815632964,121.3837883959044,94.40808873720134,118.50076791808873,-6.033279461583073,269.0,36.709976707568174,6.1263278810408925,112.47380597014929,79.91059701492539,93.25671641791044,-5.795807973561509,-5.272886337394922,-8.909982425755118,-14.497491722275953,-25.244051500178287,0.2374714880215647
702070,"Cameron, Noah",2025,2164.0,57.77837180889513,6.416252310536045,96.44786443825438,101.05196843082636,101.28306406685238,-5.151080383066516,2259.0,52.629411663106154,6.2628729526339075,97.1079937741692,104.67230798442633,104.07437939798048,-4.988666944345383,-5.148960145788976,0.6601293359148173,3.620339553599962,2.7913153311281036,0.16241343872113312
623167,"Flexen, Chris",2024,2797.0,70.06599928494815,6.842366821594565,81.45735240350433,99.67326492053412,82.79194925113808,-5.790796839482172,673.0,64.97984148056881,6.816166419019318,86.06783212442325,102.9079370649879,88.82391691757252,-5.6252648562986876,-5.08615780437934,4.610479720918917,3.234672144453782,6.03196766643444,0.1655319831834845
657514,"Bernardino, Brennan",2025,833.0,17.666572595955675,5.044105642256903,94.54652436038197,94.46001309422768,86.28306179474599,-5.78757437874898,816.0,12.657767258014943,4.813100490196079,91.48064190562548,105.10675828490491,94.05409238508516,-5.589514213367215,-5.008805337940732,-3.0658824547564905,10.646745190677237,7.771030590339166,0.19806016538176507
663687,"Harris, Hogan",2024,1213.0,49.328524319868094,5.887609233305853,96.97414318405048,96.108693100592,91.9531033719039,-5.000847049768021,1125.0,54.52277748435601,6.071795555555555,100.70234986945168,103.68673629242826,100.66668407310708,-5.110866611455789,5.194253164487918,3.7282066854012044,7.578043191836258,8.713580701203185,-0.11001956168776772
663738,"Lynch IV, Daniel",2025,1088.0,36.07333034394338,5.788584558823529,94.86368313820024,91.36863632987628,90.44941569775295,-4.8184060948765355,762.0,41.28584387028288,6.0351312335958,105.75542396319784,96.75320186478147,105.73727179209638,-5.977532377639994,5.2125135263394995,10.891740824997598,5.384565534905192,15.287856094343425,-1.1591262827634585
815083,"Farris, Mitch",2025,405.0,44.18038058663515,6.03353086419753,87.64965346534653,91.02579207920792,78.76955445544556,-4.991511438007691,761.0,49.43199565210082,6.151879106438896,92.95941798941794,86.65248677248678,78.7390211640212,-5.567917657720204,5.251615065465664,5.3097645240714115,-4.373305306721136,-0.03053329142436212,-0.5764062197125135
543135,"Eovaldi, Nathan",2025,1918.0,31.95180874076316,5.401173096976017,99.53720250521926,103.93633611691028,104.93618997912314,-4.7666144009882805,2095.0,37.20490851758006,5.704844868735084,95.64632734530936,106.55767465069856,104.8591916167665,-5.46242558729412,5.253099776816899,-3.8908751599098963,2.6213385337882755,-0.07699836235664748,-0.6958111863058392
666277,"Soriano, George",2025,705.0,28.912142809724074,5.49163120567376,98.40765217391304,95.45347826086956,96.17840579710142,-4.350788188245356,885.0,34.18556609719606,5.571819209039547,100.53663344407536,95.7254706533776,98.28569213732004,-4.729286514438031,5.273423287471985,2.1289812701623276,0.2719923925080394,2.1072863402186215,-0.3784983261926751
800049,"Mazur, Adam",2024,584.0,49.8166095890411,6.078647260273973,92.10899145299146,92.85097435897434,88.57176068376069,-4.50770773662922,489.0,55.16225681921213,6.0605316973415135,98.7240490797546,97.78515337423312,95.82711656441718,-4.474335182388907,5.345647230171032,6.615057626763132,4.934179015258778,7.255355880656495,0.03337255424031316
695243,"Miller, Mason",2025,972.0,35.02774229220308,6.154957234117049,126.85703173743488,92.9504172799908,116.03294010130357,-4.437933948249599,867.0,40.384429463144045,6.217693194925029,119.64061831153391,102.15293697978596,118.6786682520808,-4.579737920252993,5.356687170940965,-7.216413425900967,9.202519699795161,2.645728150777231,-0.14180397200339367
689266,"Dodd, Dylan",2025,536.0,37.04930090220937,5.889384328358209,102.58038674033146,103.44812154696136,101.39342541436471,-7.396198755633116,648.0,42.42000040009145,6.035416666666666,107.45641693811076,103.97667752443,107.11677524429972,-4.558029335641898,5.370699497882086,4.876030197779301,0.5285559774686419,5.723349829935003,2.8381694199912184
676974,"Meyer, Max",2025,1039.0,36.74809140982293,5.628488931665062,97.33934362934365,106.09984555984556,107.22816602316604,-4.5729139959200324,1884.0,42.15479170092336,5.850414012738853,97.66164521544488,104.87567991046448,105.13998880805823,-4.8664033617126865,5.406700291100428,0.32230158610123283,-1.224165649381078,-2.0881772151078053,-0.29348936579265406
681895,"Sisk, Evan",2025,329.0,16.321108813042212,4.87063829787234,104.138414419298,78.00803864247963,84.11470698700947,-6.166792796812187,743.0,21.737834636382807,5.116702557200538,105.26134952766532,82.7907152496626,88.16796221322537,-5.692808046244697,5.416725823340595,1.1229351083673151,4.782676607182964,4.053255226215896,0.4739847505674897
681911,"Vesia, Alex",2025,1023.0,64.76561358324125,6.011818181818182,117.352874015748,98.98462598425202,113.8322244094488,-4.138249881808195,777.0,70.20823102256522,6.054221364221363,115.26119592875315,91.23211195928752,106.50106870229015,-4.13949298479132,5.442617439323968,-2.091678086994847,-7.752514024964498,-7.3311557071586435,-0.0012431029831247997
670036,"Festa, Matt",2024,385.0,27.581038961038963,4.884883116883117,108.03115888215753,98.3788375712042,103.96916393430756,-4.012971167162718,827.0,33.0367495438267,5.086481257557436,100.4967200986437,94.9853020961776,95.28041923551172,-4.4177733531185694,5.455710582787738,-7.534438783513821,-3.393535475026596,-8.688744698795844,-0.4048021859558517
663432,"Rainey, Tanner",2024,939.0,37.709478168264106,6.09751863684771,102.7365069222577,85.32362087326943,87.76027689030886,-5.078751130075508,201.0,43.242990362198675,6.111492537313432,102.06062027524716,80.94590166052852,80.92781159139368,-4.82812564886906,5.53351219393457,-0.6758866470105431,-4.377719212740914,-6.8324652989151815,0.25062548120644834
663893,"Little, Brendon",2025,1249.0,33.4038470139225,6.0384947958366695,109.49214285714288,88.94712662337662,103.1107954545454,-7.619732738276736,328.0,38.9791340311634,6.24125,111.37268292682926,85.93554878048779,101.84213414634146,-7.408853627788715,5.575287017240896,1.8805400696863757,-3.0115778428888262,-1.2686613082039315,0.21087911048802077
669194,"Nelson, Ryne",2024,2406.0,47.61720698254364,6.07232335827099,102.17930242061928,102.57530443110412,102.85943526808543,-4.815019953820593,2563.0,53.20211962830968,6.191265969063775,106.2802199088091,100.65392900038562,105.58531413542076,-4.729839818806007,5.584912645766039,4.100917488189822,-1.9213754307184985,2.725878867335325,0.08518013501458555
663855,"Hicks, Jordan",2024,1958.0,29.380030643513788,5.615955056179776,105.00092153975116,94.34378293770445,98.95419696264136,-6.109994364031212,1199.0,35.03385886539934,5.649282735613011,104.98807316993462,99.81739836601308,103.07338941176472,-5.588655247640532,5.653828221885551,-0.012848369816538252,5.473615428308634,4.119192449123361,0.5213391163906795
678020,"Halvorsen, Seth",2025,636.0,44.46301076897756,5.810927672955975,108.91769347496204,90.80831562974208,100.76691957511382,-4.885003910564807,400.0,50.36088917687013,6.12115,105.42520323626388,82.738238757585,87.89445526585577,-4.849917513187147,5.89787840789257,-3.492490238698153,-8.070076872157088,-12.87246430925805,0.03508639737766028
668881,"Greene, Hunter",2025,1849.0,34.31372496306152,5.974429421308815,119.88305220883532,104.973769363167,121.00797475616751,-4.653799879568966,456.0,40.219517543859645,6.090570175438596,110.83336263736264,98.3293186813187,108.57410989010992,-4.841482983097242,5.905792580798128,-9.049689571472683,-6.644450681848298,-12.43386486605759,-0.18768310352827555
668933,"Ashcraft, Graham",2024,1342.0,48.9956780923994,6.296587183308493,101.71046701260197,96.06246108228316,100.39406968124536,-5.961829907524324,1039.0,54.99590679504046,6.49102021174206,113.3204267701261,104.68593598448112,115.54888457807948,-6.202996904575647,6.00022870264106,11.609959757524138,8.623474902197955,15.154814896834125,-0.24116699705132305
663423,"Thornton, Trent",2024,1139.0,35.02748024582968,5.184284460052678,108.4801587301587,105.42760141093478,110.4088888888889,-4.063677400827277,656.0,41.054810725352844,5.419603658536586,98.1024127906977,102.5185174418604,98.21825581395343,-4.350409489853769,6.027330479523165,-10.377745939461008,-2.9090839690743877,-12.190633074935462,-0.2867320890264917
676684,"Vest, Will",2024,1162.0,46.19605680942137,5.550989672977625,97.74420689655176,107.40943103448272,102.43610344827584,-4.52250029673862,1137.0,52.33318131343254,5.643931398416887,105.61250221043323,109.42454465075156,112.7787267904509,-4.501424065724585,6.137124504011169,7.868295313881475,2.0151136162688346,10.34262334217506,0.02107623101403533
686799,"Kochanowicz, Jack",2025,1858.0,30.04359917760956,5.924093694708206,92.52889366272824,90.78163265306122,85.55448979591834,-6.7321841941579414,1106.0,36.34105218672395,6.241121157323689,94.71402173913047,92.70547101449272,90.65277173913046,-6.827287300355559,6.297453009114388,2.1851280764022363,1.9238383614314927,5.098281943212115,-0.09510310619761775
621121,"McCullers Jr., Lance",2025,1147.0,24.875543409408802,5.117253705318221,96.75950537793888,92.46941016975104,92.15918479149902,-5.763807873958756,793.0,31.196734285175875,5.377701405152225,96.82802017654475,96.20741488020178,96.24486759142496,-5.596081687312228,6.321190875767073,0.06851479860587517,3.7380047104507383,4.085682799925948,0.1677261866465276
657571,"Ferguson, Caleb",2024,940.0,38.998617021276594,5.645840425531915,101.50760711871514,100.04941852101352,98.97924317141567,-4.640358655139852,1042.0,45.32810813534906,5.897869481765835,106.08511376620493,99.68090844787812,103.70204191412668,-4.816080230198385,6.329491114072468,4.577506647489784,-0.36851007313539696,4.7227987427110065,-0.17572157505853347
681982,"Anderson, Grant",2024,483.0,-2.8633540372670807,4.157453416149068,105.56993762993764,105.72112266112264,109.20511434511435,-3.745143871234943,1158.0,3.6802730425229506,4.341977547495682,103.82064,101.74188800000002,104.61404799999995,-3.481935132504442,6.543627079790031,-1.7492976299376437,-3.979234661122618,-4.591066345114399,0.2632087387305009
806185,"Birdsong, Hayden",2024,1388.0,41.46167146974064,6.343832853025936,99.59153400868304,89.12745296671491,89.1265991316932,-4.838031944748172,1194.0,48.35312503724582,6.475954773869347,95.99610183631364,89.41960213824844,89.09332443558682,-5.0344568720500975,6.891453567505181,-3.5954321723693994,0.2921491715335236,-0.03327469610637479,-0.1964249273019254
669062,"Miller, Erik",2025,482.0,32.193763089984856,6.243692946058092,106.87484407484406,88.29804573804576,96.8672765072765,-4.985566077782459,735.0,39.336996324977285,6.4783129251700675,117.2519938240913,92.65843351738935,109.52729424541384,-6.170792346418509,7.1432332349924295,10.377149749247238,4.360387779343597,12.660017738137341,-1.1852262686360495
678394,"Bello, Brayan",2025,2797.0,32.46191737934307,5.325959957096889,93.33954387676404,103.2335992028727,97.51086043106058,-5.911733341358152,1352.0,39.63642485107983,5.623616863905325,93.01414856547672,105.67308471762117,99.07362298117565,-6.019443531983487,7.17450747173676,-0.32539531128732335,2.439485514748469,1.5627625501150675,-0.10771019062533504
669438,"Englert, Mason",2024,365.0,33.12986301369863,5.633178082191781,92.77399516518936,107.9404206285254,102.00059145850122,-4.791184443429776,724.0,40.54045980242833,5.891381215469614,94.67133603238868,107.78893387314436,102.37603238866392,-4.607818866015457,7.410596788729698,1.8973408671993184,-0.15148675538104328,0.3754409301626964,0.18336557741431925
666277,"Soriano, George",2024,519.0,21.43121387283237,5.1787668593448934,90.26374517374518,96.85760617760616,87.21864864864867,-4.4199077485940075,705.0,28.912142809724074,5.49163120567376,98.40765217391304,95.45347826086956,96.17840579710142,-4.350788188245356,7.480928936891704,8.143907000167857,-1.4041279167365985,8.959757148452752,0.06911956034865163
445276,"Jansen, Kenley",2025,869.0,52.65142979193754,6.3412543153049485,114.71112849162007,102.05982122905029,115.16677094972064,-5.3039455754337,551.0,60.26869721665031,6.423357531760437,109.1263327370304,99.87148479427547,108.927656529517,-5.335496574857135,7.617267424712772,-5.584795754589678,-2.1883364347748113,-6.239114420203649,-0.03155099942343487
664747,"Díaz, Alexis",2024,977.0,9.96990788126919,4.591514841351074,92.259099283521,103.57834186284546,97.41138178096216,-3.4080625879830593,361.0,17.69932279590627,4.942382271468144,93.76249669525131,93.2231674744941,88.59258482188253,-3.673868412132935,7.729414914637079,1.5033974117303188,-10.355174388351358,-8.818796959079634,-0.26580582414987575
688297,"Roycroft, Chris",2025,415.0,17.192514516273825,4.9316867469879515,101.18024570024568,95.06471744471745,93.34579852579856,-5.684922093956878,409.0,25.480669442457778,5.378508557457213,100.30116258359104,103.99428423387684,102.00735536520992,-6.18248727410472,8.288154926183953,-0.8790831166546411,8.929566789159395,8.661556839411361,-0.49756518014784223
680730,"Parker, Mitchell",2024,2404.0,52.02468037418356,6.034509151414309,88.96452877397833,102.27145954962472,90.99167639699748,-5.024824127072288,2705.0,60.78914865364289,6.243005545286507,92.1724797783298,102.81607804660923,94.11465492115244,-5.246733271246468,8.76446827945933,3.2079510043514716,0.544618496984512,3.1229785241549592,-0.2219091441741794
676477,"Whitlock, Garrett",2024,321.0,29.47439425406715,5.464330218068536,92.152,104.567875,99.8158125,-5.651716474383841,1180.0,39.534670486171905,5.777203389830508,110.17424793388432,102.71849586776858,108.4358016528926,-4.736903927918156,10.060276232104755,18.022247933884316,-1.8493791322314195,8.619989152892586,0.9148125464656847
669160,"May, Dustin",2025,2169.0,20.951646959088855,5.019806362378976,98.25941061877926,96.94678884469616,94.94056864026422,-5.335755130408923,2031.0,33.85675044097535,5.443111767602166,101.77314016776587,101.50163276486452,103.63502632458928,-4.175970584175862,12.905103481886492,3.5137295489866176,4.554843920168366,8.694457684325059,1.1597845462330607
579328,"Kikuchi, Yusei",2025,3191.0,36.35245638667444,5.387141961767471,97.96501128668166,105.3008577878104,105.32774588842298,-4.407218316182711,567.0,49.307814138842616,5.757442680776014,,,,-4.783782602409657,12.955357752168176,,,,-0.3765642862269454
